date,year,month,month_name,source,category,generation_gwh,unit
2012-07-01,2012,7,Jul,Electricity Generation by Coal,Fossil / Other,10.863, GWh
2012-07-01,2012,7,Jul,Electricity Generation by Gas,Fossil / Other,2146.974857, GWh
2012-07-01,2012,7,Jul,Electricity Generation by High Speed Diesel (HSD),Fossil / Other,156.795194, GWh
2012-07-01,2012,7,Jul,Electricity Generation by Mixed,Fossil / Other,92.007189, GWh
2012-07-01,2012,7,Jul,Electricity Generation by Residual Fuel Oil (RFO),Fossil / Other,3279.089374, GWh
2012-07-01,2012,7,Jul,Electricity Generation by Nuclear,Nuclear,334.93, GWh
2012-07-01,2012,7,Jul,Electricity Generation by Hydel,Renewable,3306.11395, GWh
2012-07-01,2012,7,Jul,Electricity Generation by Wind,Renewable,0.704, GWh
2012-07-01,2012,7,Jul,Electricity Generation by bagasse,Renewable,0.0, GWh
2012-08-01,2012,8,Aug,Electricity Generation by Coal,Fossil / Other,6.916, GWh
2012-08-01,2012,8,Aug,Electricity Generation by Gas,Fossil / Other,2213.447871, GWh
2012-08-01,2012,8,Aug,Electricity Generation by High Speed Diesel (HSD),Fossil / Other,126.111441, GWh
2012-08-01,2012,8,Aug,Electricity Generation by Mixed,Fossil / Other,80.865723, GWh
2012-08-01,2012,8,Aug,Electricity Generation by Residual Fuel Oil (RFO),Fossil / Other,2879.219934, GWh
2012-08-01,2012,8,Aug,Electricity Generation by Nuclear,Nuclear,338.9, GWh
2012-08-01,2012,8,Aug,Electricity Generation by Hydel,Renewable,3738.70169, GWh
2012-08-01,2012,8,Aug,Electricity Generation by Wind,Renewable,0.56, GWh
2012-08-01,2012,8,Aug,Electricity Generation by bagasse,Renewable,0.0, GWh
2012-09-01,2012,9,Sep,Electricity Generation by Coal,Fossil / Other,0.0, GWh
2012-09-01,2012,9,Sep,Electricity Generation by Gas,Fossil / Other,1644.067572, GWh
2012-09-01,2012,9,Sep,Electricity Generation by High Speed Diesel (HSD),Fossil / Other,127.282131, GWh
2012-09-01,2012,9,Sep,Electricity Generation by Mixed,Fossil / Other,82.765788, GWh
2012-09-01,2012,9,Sep,Electricity Generation by Residual Fuel Oil (RFO),Fossil / Other,2398.782716, GWh
2012-09-01,2012,9,Sep,Electricity Generation by Nuclear,Nuclear,428.043, GWh
2012-09-01,2012,9,Sep,Electricity Generation by Hydel,Renewable,3623.535999, GWh
2012-09-01,2012,9,Sep,Electricity Generation by Wind,Renewable,0.336, GWh
2012-09-01,2012,9,Sep,Electricity Generation by bagasse,Renewable,0.0, GWh
2012-10-01,2012,10,Oct,Electricity Generation by Coal,Fossil / Other,6.394, GWh
2012-10-01,2012,10,Oct,Electricity Generation by Gas,Fossil / Other,1732.835344, GWh
2012-10-01,2012,10,Oct,Electricity Generation by High Speed Diesel (HSD),Fossil / Other,110.602603, GWh
2012-10-01,2012,10,Oct,Electricity Generation by Mixed,Fossil / Other,87.602298, GWh
2012-10-01,2012,10,Oct,Electricity Generation by Residual Fuel Oil (RFO),Fossil / Other,2401.436967, GWh
2012-10-01,2012,10,Oct,Electricity Generation by Nuclear,Nuclear,436.725, GWh
2012-10-01,2012,10,Oct,Electricity Generation by Hydel,Renewable,3098.300582, GWh
2012-10-01,2012,10,Oct,Electricity Generation by Wind,Renewable,0.176, GWh
2012-11-01,2012,11,Nov,Electricity Generation by Coal,Fossil / Other,6.589, GWh
2012-11-01,2012,11,Nov,Electricity Generation by Gas,Fossil / Other,1472.595494, GWh
2012-11-01,2012,11,Nov,Electricity Generation by High Speed Diesel (HSD),Fossil / Other,177.45414, GWh
2012-11-01,2012,11,Nov,Electricity Generation by Mixed,Fossil / Other,83.137427, GWh
2012-11-01,2012,11,Nov,Electricity Generation by Residual Fuel Oil (RFO),Fossil / Other,2092.353485, GWh
2012-11-01,2012,11,Nov,Electricity Generation by Nuclear,Nuclear,432.873, GWh
2012-11-01,2012,11,Nov,Electricity Generation by Hydel,Renewable,2614.023368, GWh
2012-11-01,2012,11,Nov,Electricity Generation by Wind,Renewable,0.168, GWh
2012-12-01,2012,12,Dec,Electricity Generation by Coal,Fossil / Other,2.515, GWh
2012-12-01,2012,12,Dec,Electricity Generation by Gas,Fossil / Other,1512.060795, GWh
2012-12-01,2012,12,Dec,Electricity Generation by High Speed Diesel (HSD),Fossil / Other,171.519675, GWh
2012-12-01,2012,12,Dec,Electricity Generation by Mixed,Fossil / Other,107.103098, GWh
2012-12-01,2012,12,Dec,Electricity Generation by Residual Fuel Oil (RFO),Fossil / Other,2677.246223, GWh
2012-12-01,2012,12,Dec,Electricity Generation by Nuclear,Nuclear,287.747, GWh
2012-12-01,2012,12,Dec,Electricity Generation by Hydel,Renewable,1655.771188, GWh
2012-12-01,2012,12,Dec,Electricity Generation by Wind,Renewable,0.336, GWh
2013-01-01,2013,1,Jan,Electricity Generation by Coal,Fossil / Other,0.0, GWh
2013-01-01,2013,1,Jan,Electricity Generation by Gas,Fossil / Other,1672.622671, GWh
2013-01-01,2013,1,Jan,Electricity Generation by High Speed Diesel (HSD),Fossil / Other,163.204758, GWh
2013-01-01,2013,1,Jan,Electricity Generation by Mixed,Fossil / Other,122.93961, GWh
2013-01-01,2013,1,Jan,Electricity Generation by Residual Fuel Oil (RFO),Fossil / Other,2998.941491, GWh
2013-01-01,2013,1,Jan,Electricity Generation by Nuclear,Nuclear,84.729, GWh
2013-01-01,2013,1,Jan,Electricity Generation by Hydel,Renewable,1101.566145, GWh
2013-01-01,2013,1,Jan,Electricity Generation by Wind,Renewable,0.352, GWh
2013-02-01,2013,2,Feb,Electricity Generation by Coal,Fossil / Other,0.0, GWh
2013-02-01,2013,2,Feb,Electricity Generation by Gas,Fossil / Other,1494.865648, GWh
2013-02-01,2013,2,Feb,Electricity Generation by High Speed Diesel (HSD),Fossil / Other,34.192377, GWh
2013-02-01,2013,2,Feb,Electricity Generation by Mixed,Fossil / Other,109.682935, GWh
2013-02-01,2013,2,Feb,Electricity Generation by Residual Fuel Oil (RFO),Fossil / Other,2065.95621, GWh
2013-02-01,2013,2,Feb,Electricity Generation by Nuclear,Nuclear,68.86, GWh
2013-02-01,2013,2,Feb,Electricity Generation by Hydel,Renewable,1611.816965, GWh
2013-02-01,2013,2,Feb,Electricity Generation by Wind,Renewable,0.48, GWh
2013-03-01,2013,3,Mar,Electricity Generation by Coal,Fossil / Other,0.0, GWh
2013-03-01,2013,3,Mar,Electricity Generation by Gas,Fossil / Other,1618.672581, GWh
2013-03-01,2013,3,Mar,Electricity Generation by High Speed Diesel (HSD),Fossil / Other,37.533605, GWh
2013-03-01,2013,3,Mar,Electricity Generation by Mixed,Fossil / Other,116.287078, GWh
2013-03-01,2013,3,Mar,Electricity Generation by Residual Fuel Oil (RFO),Fossil / Other,2607.391215, GWh
2013-03-01,2013,3,Mar,Electricity Generation by Nuclear,Nuclear,222.205, GWh
2013-03-01,2013,3,Mar,Electricity Generation by Hydel,Renewable,1558.356763, GWh
2013-03-01,2013,3,Mar,Electricity Generation by Wind,Renewable,0.384, GWh
2013-04-01,2013,4,Apr,Electricity Generation by Gas,Fossil / Other,1504.42, GWh
2013-04-01,2013,4,Apr,Electricity Generation by High Speed Diesel (HSD),Fossil / Other,109.17, GWh
2013-04-01,2013,4,Apr,Electricity Generation by Mixed,Fossil / Other,94.28, GWh
2013-04-01,2013,4,Apr,Electricity Generation by Residual Fuel Oil (RFO),Fossil / Other,2433.01, GWh
2013-04-01,2013,4,Apr,Electricity Generation by Nuclear,Nuclear,222.25, GWh
2013-04-01,2013,4,Apr,Electricity Generation by Hydel,Renewable,1872.61, GWh
2013-04-01,2013,4,Apr,Electricity Generation by Wind,Renewable,0.42, GWh
2013-05-01,2013,5,May,Electricity Generation by Gas,Fossil / Other,1810.12, GWh
2013-05-01,2013,5,May,Electricity Generation by High Speed Diesel (HSD),Fossil / Other,60.87, GWh
2013-05-01,2013,5,May,Electricity Generation by Mixed,Fossil / Other,94.16, GWh
2013-05-01,2013,5,May,Electricity Generation by Residual Fuel Oil (RFO),Fossil / Other,2631.84, GWh
2013-05-01,2013,5,May,Electricity Generation by Nuclear,Nuclear,351.6, GWh
2013-05-01,2013,5,May,Electricity Generation by Hydel,Renewable,2404.3, GWh
2013-05-01,2013,5,May,Electricity Generation by Wind,Renewable,14.04, GWh
2013-06-01,2013,6,Jun,Electricity Generation by Coal,Fossil / Other,6.36, GWh
2013-06-01,2013,6,Jun,Electricity Generation by Gas,Fossil / Other,1842.64, GWh
2013-06-01,2013,6,Jun,Electricity Generation by High Speed Diesel (HSD),Fossil / Other,28.49, GWh
2013-06-01,2013,6,Jun,Electricity Generation by Mixed,Fossil / Other,83.88, GWh
2013-06-01,2013,6,Jun,Electricity Generation by Residual Fuel Oil (RFO),Fossil / Other,2558.03, GWh
2013-06-01,2013,6,Jun,Electricity Generation by Nuclear,Nuclear,431.67, GWh
2013-06-01,2013,6,Jun,Electricity Generation by Hydel,Renewable,3447.77, GWh
2013-06-01,2013,6,Jun,Electricity Generation by Wind,Renewable,14.51, GWh
2013-07-01,2013,7,Jul,Electricity Generation by Coal,Fossil / Other,10.86, GWh
2013-07-01,2013,7,Jul,Electricity Generation by Gas,Fossil / Other,2088.05, GWh
2013-07-01,2013,7,Jul,Electricity Generation by High Speed Diesel (HSD),Fossil / Other,53.79, GWh
2013-07-01,2013,7,Jul,Electricity Generation by Mixed,Fossil / Other,91.51, GWh
2013-07-01,2013,7,Jul,Electricity Generation by Residual Fuel Oil (RFO),Fossil / Other,3258.54, GWh
2013-07-01,2013,7,Jul,Electricity Generation by Nuclear,Nuclear,359.58, GWh
2013-07-01,2013,7,Jul,Electricity Generation by Hydel,Renewable,3966.18, GWh
2013-07-01,2013,7,Jul,Electricity Generation by Wind,Renewable,23.6, GWh
2013-08-01,2013,8,Aug,Electricity Generation by Coal,Fossil / Other,13.25, GWh
2013-08-01,2013,8,Aug,Electricity Generation by Gas,Fossil / Other,1755.24, GWh
2013-08-01,2013,8,Aug,Electricity Generation by High Speed Diesel (HSD),Fossil / Other,139.07, GWh
2013-08-01,2013,8,Aug,Electricity Generation by Mixed,Fossil / Other,91.05, GWh
2013-08-01,2013,8,Aug,Electricity Generation by Residual Fuel Oil (RFO),Fossil / Other,3267.76, GWh
2013-08-01,2013,8,Aug,Electricity Generation by Nuclear,Nuclear,430.59, GWh
2013-08-01,2013,8,Aug,Electricity Generation by Hydel,Renewable,3969.05, GWh
2013-08-01,2013,8,Aug,Electricity Generation by Wind,Renewable,35.07, GWh
2013-09-01,2013,9,Sep,Electricity Generation by Coal,Fossil / Other,6.21, GWh
2013-09-01,2013,9,Sep,Electricity Generation by Gas,Fossil / Other,1407.83, GWh
2013-09-01,2013,9,Sep,Electricity Generation by High Speed Diesel (HSD),Fossil / Other,115.84, GWh
2013-09-01,2013,9,Sep,Electricity Generation by Mixed,Fossil / Other,85.66, GWh
2013-09-01,2013,9,Sep,Electricity Generation by Residual Fuel Oil (RFO),Fossil / Other,3128.01, GWh
2013-09-01,2013,9,Sep,Electricity Generation by Nuclear,Nuclear,431.0, GWh
2013-09-01,2013,9,Sep,Electricity Generation by Hydel,Renewable,4141.74, GWh
2013-09-01,2013,9,Sep,Electricity Generation by Wind,Renewable,23.76, GWh
2013-10-01,2013,10,Oct,Electricity Generation by Coal,Fossil / Other,13.78, GWh
2013-10-01,2013,10,Oct,Electricity Generation by Gas,Fossil / Other,1282.46, GWh
2013-10-01,2013,10,Oct,Electricity Generation by High Speed Diesel (HSD),Fossil / Other,250.42, GWh
2013-10-01,2013,10,Oct,Electricity Generation by Mixed,Fossil / Other,84.49, GWh
2013-10-01,2013,10,Oct,Electricity Generation by Residual Fuel Oil (RFO),Fossil / Other,3321.39, GWh
2013-10-01,2013,10,Oct,Electricity Generation by Nuclear,Nuclear,437.38, GWh
2013-10-01,2013,10,Oct,Electricity Generation by Hydel,Renewable,2986.07, GWh
2013-10-01,2013,10,Oct,Electricity Generation by Wind,Renewable,11.54, GWh
2013-11-01,2013,11,Nov,Electricity Generation by Coal,Fossil / Other,6.14, GWh
2013-11-01,2013,11,Nov,Electricity Generation by Gas,Fossil / Other,1384.59, GWh
2013-11-01,2013,11,Nov,Electricity Generation by High Speed Diesel (HSD),Fossil / Other,29.33, GWh
2013-11-01,2013,11,Nov,Electricity Generation by Mixed,Fossil / Other,86.18, GWh
2013-11-01,2013,11,Nov,Electricity Generation by Residual Fuel Oil (RFO),Fossil / Other,2348.43, GWh
2013-11-01,2013,11,Nov,Electricity Generation by Nuclear,Nuclear,416.15, GWh
2013-11-01,2013,11,Nov,Electricity Generation by Hydel,Renewable,2508.73, GWh
2013-11-01,2013,11,Nov,Electricity Generation by Wind,Renewable,12.64, GWh
2013-12-01,2013,12,Dec,Electricity Generation by Gas,Fossil / Other,1436.52, GWh
2013-12-01,2013,12,Dec,Electricity Generation by High Speed Diesel (HSD),Fossil / Other,66.25, GWh
2013-12-01,2013,12,Dec,Electricity Generation by Mixed,Fossil / Other,104.27, GWh
2013-12-01,2013,12,Dec,Electricity Generation by Residual Fuel Oil (RFO),Fossil / Other,2940.26, GWh
2013-12-01,2013,12,Dec,Electricity Generation by Nuclear,Nuclear,434.45, GWh
2013-12-01,2013,12,Dec,Electricity Generation by Hydel,Renewable,1917.84, GWh
2013-12-01,2013,12,Dec,Electricity Generation by Wind,Renewable,15.0, GWh
2014-01-01,2014,1,Jan,Electricity Generation by Coal,Fossil / Other,6.79, GWh
2014-01-01,2014,1,Jan,Electricity Generation by Gas,Fossil / Other,1227.66, GWh
2014-01-01,2014,1,Jan,Electricity Generation by High Speed Diesel (HSD),Fossil / Other,196.45, GWh
2014-01-01,2014,1,Jan,Electricity Generation by Mixed,Fossil / Other,110.1, GWh
2014-01-01,2014,1,Jan,Electricity Generation by Residual Fuel Oil (RFO),Fossil / Other,3487.89, GWh
2014-01-01,2014,1,Jan,Electricity Generation by Nuclear,Nuclear,452.45, GWh
2014-01-01,2014,1,Jan,Electricity Generation by Hydel,Renewable,865.91, GWh
2014-01-01,2014,1,Jan,Electricity Generation by Wind,Renewable,20.28, GWh
2014-02-01,2014,2,Feb,Electricity Generation by Coal,Fossil / Other,10.05, GWh
2014-02-01,2014,2,Feb,Electricity Generation by Gas,Fossil / Other,1178.14, GWh
2014-02-01,2014,2,Feb,Electricity Generation by Mixed,Fossil / Other,92.4, GWh
2014-02-01,2014,2,Feb,Electricity Generation by Residual Fuel Oil (RFO),Fossil / Other,2285.04, GWh
2014-02-01,2014,2,Feb,Electricity Generation by Nuclear,Nuclear,393.97, GWh
2014-02-01,2014,2,Feb,Electricity Generation by Hydel,Renewable,2008.44, GWh
2014-02-01,2014,2,Feb,Electricity Generation by Wind,Renewable,13.06, GWh
2014-03-01,2014,3,Mar,Electricity Generation by Coal,Fossil / Other,11.69, GWh
2014-03-01,2014,3,Mar,Electricity Generation by Gas,Fossil / Other,1618.51, GWh
2014-03-01,2014,3,Mar,Electricity Generation by High Speed Diesel (HSD),Fossil / Other,106.31, GWh
2014-03-01,2014,3,Mar,Electricity Generation by Mixed,Fossil / Other,104.87, GWh
2014-03-01,2014,3,Mar,Electricity Generation by Residual Fuel Oil (RFO),Fossil / Other,2689.21, GWh
2014-03-01,2014,3,Mar,Electricity Generation by Nuclear,Nuclear,349.96, GWh
2014-03-01,2014,3,Mar,Electricity Generation by Hydel,Renewable,1604.42, GWh
2014-03-01,2014,3,Mar,Electricity Generation by Wind,Renewable,14.85, GWh
2014-04-01,2014,4,Apr,Electricity Generation by Coal,Fossil / Other,15.71, GWh
2014-04-01,2014,4,Apr,Electricity Generation by Gas,Fossil / Other,1587.58, GWh
2014-04-01,2014,4,Apr,Electricity Generation by High Speed Diesel (HSD),Fossil / Other,133.32, GWh
2014-04-01,2014,4,Apr,Electricity Generation by Mixed,Fossil / Other,84.73, GWh
2014-04-01,2014,4,Apr,Electricity Generation by Residual Fuel Oil (RFO),Fossil / Other,2940.79, GWh
2014-04-01,2014,4,Apr,Electricity Generation by Nuclear,Nuclear,350.94, GWh
2014-04-01,2014,4,Apr,Electricity Generation by Hydel,Renewable,1892.69, GWh
2014-04-01,2014,4,Apr,Electricity Generation by Wind,Renewable,18.64, GWh
2014-05-01,2014,5,May,Electricity Generation by Coal,Fossil / Other,5.98, GWh
2014-05-01,2014,5,May,Electricity Generation by Gas,Fossil / Other,1907.11, GWh
2014-05-01,2014,5,May,Electricity Generation by High Speed Diesel (HSD),Fossil / Other,237.21, GWh
2014-05-01,2014,5,May,Electricity Generation by Mixed,Fossil / Other,87.87, GWh
2014-05-01,2014,5,May,Electricity Generation by Residual Fuel Oil (RFO),Fossil / Other,3107.0, GWh
2014-05-01,2014,5,May,Electricity Generation by Nuclear,Nuclear,151.55, GWh
2014-05-01,2014,5,May,Electricity Generation by Hydel,Renewable,2931.4, GWh
2014-05-01,2014,5,May,Electricity Generation by Wind,Renewable,31.51, GWh
2014-06-01,2014,6,Jun,Electricity Generation by Coal,Fossil / Other,11.54, GWh
2014-06-01,2014,6,Jun,Electricity Generation by Gas,Fossil / Other,2072.34, GWh
2014-06-01,2014,6,Jun,Electricity Generation by High Speed Diesel (HSD),Fossil / Other,296.4, GWh
2014-06-01,2014,6,Jun,Electricity Generation by Mixed,Fossil / Other,94.61, GWh
2014-06-01,2014,6,Jun,Electricity Generation by Residual Fuel Oil (RFO),Fossil / Other,3250.99, GWh
2014-06-01,2014,6,Jun,Electricity Generation by Nuclear,Nuclear,193.64, GWh
2014-06-01,2014,6,Jun,Electricity Generation by Hydel,Renewable,3446.54, GWh
2014-06-01,2014,6,Jun,Electricity Generation by Wind,Renewable,43.02, GWh
2014-07-01,2014,7,Jul,Electricity Generation by Coal,Fossil / Other,10.11, GWh
2014-07-01,2014,7,Jul,Electricity Generation by Gas,Fossil / Other,2135.88, GWh
2014-07-01,2014,7,Jul,Electricity Generation by High Speed Diesel (HSD),Fossil / Other,385.5, GWh
2014-07-01,2014,7,Jul,Electricity Generation by Mixed,Fossil / Other,106.06, GWh
2014-07-01,2014,7,Jul,Electricity Generation by Residual Fuel Oil (RFO),Fossil / Other,3445.24, GWh
2014-07-01,2014,7,Jul,Electricity Generation by Nuclear,Nuclear,386.12, GWh
2014-07-01,2014,7,Jul,Electricity Generation by Hydel,Renewable,3790.63, GWh
2014-07-01,2014,7,Jul,Electricity Generation by Wind,Renewable,47.84, GWh
2014-08-01,2014,8,Aug,Electricity Generation by Coal,Fossil / Other,4.7, GWh
2014-08-01,2014,8,Aug,Electricity Generation by Gas,Fossil / Other,1889.98, GWh
2014-08-01,2014,8,Aug,Electricity Generation by High Speed Diesel (HSD),Fossil / Other,303.58, GWh
2014-08-01,2014,8,Aug,Electricity Generation by Mixed,Fossil / Other,106.48, GWh
2014-08-01,2014,8,Aug,Electricity Generation by Residual Fuel Oil (RFO),Fossil / Other,3236.65, GWh
2014-08-01,2014,8,Aug,Electricity Generation by Nuclear,Nuclear,435.93, GWh
2014-08-01,2014,8,Aug,Electricity Generation by Hydel,Renewable,4282.93, GWh
2014-08-01,2014,8,Aug,Electricity Generation by Wind,Renewable,37.21, GWh
2014-09-01,2014,9,Sep,Electricity Generation by Coal,Fossil / Other,7.85, GWh
2014-09-01,2014,9,Sep,Electricity Generation by Gas,Fossil / Other,1876.14, GWh
2014-09-01,2014,9,Sep,Electricity Generation by High Speed Diesel (HSD),Fossil / Other,320.17, GWh
2014-09-01,2014,9,Sep,Electricity Generation by Mixed,Fossil / Other,105.45, GWh
2014-09-01,2014,9,Sep,Electricity Generation by Residual Fuel Oil (RFO),Fossil / Other,2779.77, GWh
2014-09-01,2014,9,Sep,Electricity Generation by Nuclear,Nuclear,432.03, GWh
2014-09-01,2014,9,Sep,Electricity Generation by Hydel,Renewable,3532.44, GWh
2014-09-01,2014,9,Sep,Electricity Generation by Wind,Renewable,31.59, GWh
2014-10-01,2014,10,Oct,Electricity Generation by Coal,Fossil / Other,0.12, GWh
2014-10-01,2014,10,Oct,Electricity Generation by Gas,Fossil / Other,1523.65, GWh
2014-10-01,2014,10,Oct,Electricity Generation by High Speed Diesel (HSD),Fossil / Other,245.48, GWh
2014-10-01,2014,10,Oct,Electricity Generation by Mixed,Fossil / Other,118.08, GWh
2014-10-01,2014,10,Oct,Electricity Generation by Residual Fuel Oil (RFO),Fossil / Other,2780.61, GWh
2014-10-01,2014,10,Oct,Electricity Generation by Nuclear,Nuclear,403.42, GWh
2014-10-01,2014,10,Oct,Electricity Generation by Hydel,Renewable,3202.84, GWh
2014-10-01,2014,10,Oct,Electricity Generation by Wind,Renewable,11.41, GWh
2014-11-01,2014,11,Nov,Electricity Generation by Coal,Fossil / Other,15.34, GWh
2014-11-01,2014,11,Nov,Electricity Generation by Gas,Fossil / Other,1766.01, GWh
2014-11-01,2014,11,Nov,Electricity Generation by High Speed Diesel (HSD),Fossil / Other,5.07, GWh
2014-11-01,2014,11,Nov,Electricity Generation by Mixed,Fossil / Other,101.61, GWh
2014-11-01,2014,11,Nov,Electricity Generation by Residual Fuel Oil (RFO),Fossil / Other,1394.06, GWh
2014-11-01,2014,11,Nov,Electricity Generation by Nuclear,Nuclear,433.65, GWh
2014-11-01,2014,11,Nov,Electricity Generation by Hydel,Renewable,2891.91, GWh
2014-11-01,2014,11,Nov,Electricity Generation by Wind,Renewable,13.85, GWh
2014-12-01,2014,12,Dec,Electricity Generation by Coal,Fossil / Other,14.47, GWh
2014-12-01,2014,12,Dec,Electricity Generation by Gas,Fossil / Other,1575.33, GWh
2014-12-01,2014,12,Dec,Electricity Generation by High Speed Diesel (HSD),Fossil / Other,52.7, GWh
2014-12-01,2014,12,Dec,Electricity Generation by Mixed,Fossil / Other,130.05, GWh
2014-12-01,2014,12,Dec,Electricity Generation by Residual Fuel Oil (RFO),Fossil / Other,2658.56, GWh
2014-12-01,2014,12,Dec,Electricity Generation by Nuclear,Nuclear,384.92, GWh
2014-12-01,2014,12,Dec,Electricity Generation by Hydel,Renewable,1907.41, GWh
2014-12-01,2014,12,Dec,Electricity Generation by Wind,Renewable,29.97, GWh
2015-01-01,2015,1,Jan,Electricity Generation by Coal,Fossil / Other,1.56, GWh
2015-01-01,2015,1,Jan,Electricity Generation by Gas,Fossil / Other,1442.89, GWh
2015-01-01,2015,1,Jan,Electricity Generation by High Speed Diesel (HSD),Fossil / Other,582.87, GWh
2015-01-01,2015,1,Jan,Electricity Generation by Mixed,Fossil / Other,130.05, GWh
2015-01-01,2015,1,Jan,Electricity Generation by Residual Fuel Oil (RFO),Fossil / Other,2806.66, GWh
2015-01-01,2015,1,Jan,Electricity Generation by Nuclear,Nuclear,349.58, GWh
2015-01-01,2015,1,Jan,Electricity Generation by Hydel,Renewable,809.87, GWh
2015-01-01,2015,1,Jan,Electricity Generation by Wind,Renewable,32.97, GWh
2015-02-01,2015,2,Feb,Electricity Generation by Coal,Fossil / Other,18.35, GWh
2015-02-01,2015,2,Feb,Electricity Generation by Gas,Fossil / Other,1252.6, GWh
2015-02-01,2015,2,Feb,Electricity Generation by High Speed Diesel (HSD),Fossil / Other,105.64, GWh
2015-02-01,2015,2,Feb,Electricity Generation by Mixed,Fossil / Other,117.52, GWh
2015-02-01,2015,2,Feb,Electricity Generation by Residual Fuel Oil (RFO),Fossil / Other,1933.36, GWh
2015-02-01,2015,2,Feb,Electricity Generation by Nuclear,Nuclear,409.49, GWh
2015-02-01,2015,2,Feb,Electricity Generation by Hydel,Renewable,1957.18, GWh
2015-02-01,2015,2,Feb,Electricity Generation by Wind,Renewable,36.81, GWh
2015-03-01,2015,3,Mar,Electricity Generation by Coal,Fossil / Other,7.58, GWh
2015-03-01,2015,3,Mar,Electricity Generation by Gas,Fossil / Other,1669.67, GWh
2015-03-01,2015,3,Mar,Electricity Generation by High Speed Diesel (HSD),Fossil / Other,302.84, GWh
2015-03-01,2015,3,Mar,Electricity Generation by Mixed,Fossil / Other,138.07, GWh
2015-03-01,2015,3,Mar,Electricity Generation by Residual Fuel Oil (RFO),Fossil / Other,2540.72, GWh
2015-03-01,2015,3,Mar,Electricity Generation by Nuclear,Nuclear,451.96, GWh
2015-03-01,2015,3,Mar,Electricity Generation by Hydel,Renewable,1364.16, GWh
2015-03-01,2015,3,Mar,Electricity Generation by Wind,Renewable,33.29, GWh
2015-04-01,2015,4,Apr,Electricity Generation by Coal,Fossil / Other,13.12, GWh
2015-04-01,2015,4,Apr,Electricity Generation by Gas,Fossil / Other,1964.31, GWh
2015-04-01,2015,4,Apr,Electricity Generation by High Speed Diesel (HSD),Fossil / Other,371.2, GWh
2015-04-01,2015,4,Apr,Electricity Generation by Mixed,Fossil / Other,116.96, GWh
2015-04-01,2015,4,Apr,Electricity Generation by Residual Fuel Oil (RFO),Fossil / Other,2880.22, GWh
2015-04-01,2015,4,Apr,Electricity Generation by Nuclear,Nuclear,431.98, GWh
2015-04-01,2015,4,Apr,Electricity Generation by Hydel,Renewable,1472.75, GWh
2015-04-01,2015,4,Apr,Electricity Generation by Wind,Renewable,52.54, GWh
2015-05-01,2015,5,May,Electricity Generation by Gas,Fossil / Other,2659.948, GWh
2015-05-01,2015,5,May,Electricity Generation by High Speed Diesel (HSD),Fossil / Other,114.238, GWh
2015-05-01,2015,5,May,Electricity Generation by Mixed,Fossil / Other,96.38, GWh
2015-05-01,2015,5,May,Electricity Generation by Residual Fuel Oil (RFO),Fossil / Other,2740.55, GWh
2015-05-01,2015,5,May,Electricity Generation by Nuclear,Nuclear,445.332, GWh
2015-05-01,2015,5,May,Electricity Generation by Hydel,Renewable,3377.71, GWh
2015-05-01,2015,5,May,Electricity Generation by Wind,Renewable,77.494, GWh
2015-05-01,2015,5,May,Electricity Generation by bagasse,Renewable,23.967, GWh
2015-06-01,2015,6,Jun,Electricity Generation by Gas,Fossil / Other,2722.0, GWh
2015-06-01,2015,6,Jun,Electricity Generation by High Speed Diesel (HSD),Fossil / Other,126.95, GWh
2015-06-01,2015,6,Jun,Electricity Generation by Mixed,Fossil / Other,38.86, GWh
2015-06-01,2015,6,Jun,Electricity Generation by Residual Fuel Oil (RFO),Fossil / Other,2484.22, GWh
2015-06-01,2015,6,Jun,Electricity Generation by Nuclear,Nuclear,430.99, GWh
2015-06-01,2015,6,Jun,Electricity Generation by Hydel,Renewable,3972.81, GWh
2015-06-01,2015,6,Jun,Electricity Generation by Wind,Renewable,52.89, GWh
2015-07-01,2015,7,Jul,Electricity Generation by Coal,Fossil / Other,5.85, GWh
2015-07-01,2015,7,Jul,Electricity Generation by Gas,Fossil / Other,2930.53, GWh
2015-07-01,2015,7,Jul,Electricity Generation by High Speed Diesel (HSD),Fossil / Other,125.15, GWh
2015-07-01,2015,7,Jul,Electricity Generation by Mixed,Fossil / Other,36.96, GWh
2015-07-01,2015,7,Jul,Electricity Generation by Residual Fuel Oil (RFO),Fossil / Other,2390.11, GWh
2015-07-01,2015,7,Jul,Electricity Generation by Nuclear,Nuclear,428.76, GWh
2015-07-01,2015,7,Jul,Electricity Generation by Hydel,Renewable,4528.8, GWh
2015-07-01,2015,7,Jul,Electricity Generation by Solar,Renewable,12.67, GWh
2015-07-01,2015,7,Jul,Electricity Generation by Wind,Renewable,89.4, GWh
2015-07-01,2015,7,Jul,Electricity Generation by bagasse,Renewable,35.73, GWh
2015-08-01,2015,8,Aug,Electricity Generation by Coal,Fossil / Other,3.0, GWh
2015-08-01,2015,8,Aug,Electricity Generation by Gas,Fossil / Other,2684.69, GWh
2015-08-01,2015,8,Aug,Electricity Generation by High Speed Diesel (HSD),Fossil / Other,279.21, GWh
2015-08-01,2015,8,Aug,Electricity Generation by Mixed,Fossil / Other,33.67, GWh
2015-08-01,2015,8,Aug,Electricity Generation by Residual Fuel Oil (RFO),Fossil / Other,2767.43, GWh
2015-08-01,2015,8,Aug,Electricity Generation by Nuclear,Nuclear,181.68, GWh
2015-08-01,2015,8,Aug,Electricity Generation by Hydel,Renewable,4382.39, GWh
2015-08-01,2015,8,Aug,Electricity Generation by Solar,Renewable,14.74, GWh
2015-08-01,2015,8,Aug,Electricity Generation by Wind,Renewable,94.29, GWh
2015-08-01,2015,8,Aug,Electricity Generation by bagasse,Renewable,33.94, GWh
2015-09-01,2015,9,Sep,Electricity Generation by Coal,Fossil / Other,10.2, GWh
2015-09-01,2015,9,Sep,Electricity Generation by Gas,Fossil / Other,2737.42, GWh
2015-09-01,2015,9,Sep,Electricity Generation by High Speed Diesel (HSD),Fossil / Other,106.89, GWh
2015-09-01,2015,9,Sep,Electricity Generation by Mixed,Fossil / Other,15.07, GWh
2015-09-01,2015,9,Sep,Electricity Generation by Residual Fuel Oil (RFO),Fossil / Other,2297.87, GWh
2015-09-01,2015,9,Sep,Electricity Generation by Nuclear,Nuclear,186.79, GWh
2015-09-01,2015,9,Sep,Electricity Generation by Hydel,Renewable,4138.62, GWh
2015-09-01,2015,9,Sep,Electricity Generation by Solar,Renewable,15.01, GWh
2015-09-01,2015,9,Sep,Electricity Generation by Wind,Renewable,52.47, GWh
2015-09-01,2015,9,Sep,Electricity Generation by bagasse,Renewable,19.53, GWh
2015-10-01,2015,10,Oct,Electricity Generation by Coal,Fossil / Other,4.61, GWh
2015-10-01,2015,10,Oct,Electricity Generation by Gas,Fossil / Other,2721.89, GWh
2015-10-01,2015,10,Oct,Electricity Generation by High Speed Diesel (HSD),Fossil / Other,172.74, GWh
2015-10-01,2015,10,Oct,Electricity Generation by Mixed,Fossil / Other,10.83, GWh
2015-10-01,2015,10,Oct,Electricity Generation by Residual Fuel Oil (RFO),Fossil / Other,2572.81, GWh
2015-10-01,2015,10,Oct,Electricity Generation by Nuclear,Nuclear,226.64, GWh
2015-10-01,2015,10,Oct,Electricity Generation by Hydel,Renewable,2495.76, GWh
2015-10-01,2015,10,Oct,Electricity Generation by Solar,Renewable,14.05, GWh
2015-10-01,2015,10,Oct,Electricity Generation by Wind,Renewable,37.24, GWh
2015-10-01,2015,10,Oct,Electricity Generation by bagasse,Renewable,0.07, GWh
2015-11-01,2015,11,Nov,Electricity Generation by Coal,Fossil / Other,6.58, GWh
2015-11-01,2015,11,Nov,Electricity Generation by Gas,Fossil / Other,2188.0, GWh
2015-11-01,2015,11,Nov,Electricity Generation by High Speed Diesel (HSD),Fossil / Other,28.4, GWh
2015-11-01,2015,11,Nov,Electricity Generation by Mixed,Fossil / Other,12.26, GWh
2015-11-01,2015,11,Nov,Electricity Generation by Residual Fuel Oil (RFO),Fossil / Other,1856.25, GWh
2015-11-01,2015,11,Nov,Electricity Generation by Nuclear,Nuclear,219.16, GWh
2015-11-01,2015,11,Nov,Electricity Generation by Hydel,Renewable,2302.36, GWh
2015-11-01,2015,11,Nov,Electricity Generation by Solar,Renewable,10.45, GWh
2015-11-01,2015,11,Nov,Electricity Generation by Wind,Renewable,45.74, GWh
2015-11-01,2015,11,Nov,Electricity Generation by bagasse,Renewable,18.49, GWh
2015-12-01,2015,12,Dec,Electricity Generation by Coal,Fossil / Other,10.0, GWh
2015-12-01,2015,12,Dec,Electricity Generation by Gas,Fossil / Other,2087.55, GWh
2015-12-01,2015,12,Dec,Electricity Generation by High Speed Diesel (HSD),Fossil / Other,99.42, GWh
2015-12-01,2015,12,Dec,Electricity Generation by Mixed,Fossil / Other,31.96, GWh
2015-12-01,2015,12,Dec,Electricity Generation by Residual Fuel Oil (RFO),Fossil / Other,2484.42, GWh
2015-12-01,2015,12,Dec,Electricity Generation by Nuclear,Nuclear,226.37, GWh
2015-12-01,2015,12,Dec,Electricity Generation by Hydel,Renewable,1802.71, GWh
2015-12-01,2015,12,Dec,Electricity Generation by Solar,Renewable,10.87, GWh
2015-12-01,2015,12,Dec,Electricity Generation by Wind,Renewable,36.09, GWh
2015-12-01,2015,12,Dec,Electricity Generation by bagasse,Renewable,55.72, GWh
2016-01-01,2016,1,Jan,Electricity Generation by Coal,Fossil / Other,12.49, GWh
2016-01-01,2016,1,Jan,Electricity Generation by Gas,Fossil / Other,1717.82, GWh
2016-01-01,2016,1,Jan,Electricity Generation by High Speed Diesel (HSD),Fossil / Other,367.3, GWh
2016-01-01,2016,1,Jan,Electricity Generation by Mixed,Fossil / Other,32.43, GWh
2016-01-01,2016,1,Jan,Electricity Generation by Residual Fuel Oil (RFO),Fossil / Other,3387.48, GWh
2016-01-01,2016,1,Jan,Electricity Generation by Nuclear,Nuclear,280.64, GWh
2016-01-01,2016,1,Jan,Electricity Generation by Hydel,Renewable,842.95, GWh
2016-01-01,2016,1,Jan,Electricity Generation by Solar,Renewable,9.0, GWh
2016-01-01,2016,1,Jan,Electricity Generation by Wind,Renewable,27.88, GWh
2016-01-01,2016,1,Jan,Electricity Generation by bagasse,Renewable,59.22, GWh
2016-02-01,2016,2,Feb,Electricity Generation by Coal,Fossil / Other,5.13, GWh
2016-02-01,2016,2,Feb,Electricity Generation by Gas,Fossil / Other,1460.28, GWh
2016-02-01,2016,2,Feb,Electricity Generation by High Speed Diesel (HSD),Fossil / Other,3.44, GWh
2016-02-01,2016,2,Feb,Electricity Generation by Mixed,Fossil / Other,30.29, GWh
2016-02-01,2016,2,Feb,Electricity Generation by Residual Fuel Oil (RFO),Fossil / Other,2133.0, GWh
2016-02-01,2016,2,Feb,Electricity Generation by Nuclear,Nuclear,404.35, GWh
2016-02-01,2016,2,Feb,Electricity Generation by Hydel,Renewable,2213.26, GWh
2016-02-01,2016,2,Feb,Electricity Generation by Solar,Renewable,13.83, GWh
2016-02-01,2016,2,Feb,Electricity Generation by Wind,Renewable,39.29, GWh
2016-02-01,2016,2,Feb,Electricity Generation by bagasse,Renewable,61.87, GWh
2016-03-01,2016,3,Mar,Electricity Generation by Coal,Fossil / Other,12.36, GWh
2016-03-01,2016,3,Mar,Electricity Generation by Gas,Fossil / Other,2231.05, GWh
2016-03-01,2016,3,Mar,Electricity Generation by High Speed Diesel (HSD),Fossil / Other,11.89, GWh
2016-03-01,2016,3,Mar,Electricity Generation by Mixed,Fossil / Other,19.88, GWh
2016-03-01,2016,3,Mar,Electricity Generation by Residual Fuel Oil (RFO),Fossil / Other,1992.02, GWh
2016-03-01,2016,3,Mar,Electricity Generation by Nuclear,Nuclear,439.2, GWh
2016-03-01,2016,3,Mar,Electricity Generation by Hydel,Renewable,1855.42, GWh
2016-03-01,2016,3,Mar,Electricity Generation by Solar,Renewable,14.73, GWh
2016-03-01,2016,3,Mar,Electricity Generation by Wind,Renewable,51.4, GWh
2016-03-01,2016,3,Mar,Electricity Generation by bagasse,Renewable,74.23, GWh
2016-04-01,2016,4,Apr,Electricity Generation by Coal,Fossil / Other,11.52, GWh
2016-04-01,2016,4,Apr,Electricity Generation by Gas,Fossil / Other,2524.12, GWh
2016-04-01,2016,4,Apr,Electricity Generation by High Speed Diesel (HSD),Fossil / Other,12.96, GWh
2016-04-01,2016,4,Apr,Electricity Generation by Mixed,Fossil / Other,9.13, GWh
2016-04-01,2016,4,Apr,Electricity Generation by Residual Fuel Oil (RFO),Fossil / Other,2251.3, GWh
2016-04-01,2016,4,Apr,Electricity Generation by Nuclear,Nuclear,421.39, GWh
2016-04-01,2016,4,Apr,Electricity Generation by Hydel,Renewable,2385.69, GWh
2016-04-01,2016,4,Apr,Electricity Generation by Solar,Renewable,15.16, GWh
2016-04-01,2016,4,Apr,Electricity Generation by Wind,Renewable,73.9, GWh
2016-04-01,2016,4,Apr,Electricity Generation by bagasse,Renewable,69.58, GWh
2016-05-01,2016,5,May,Electricity Generation by Coal,Fossil / Other,10.73, GWh
2016-05-01,2016,5,May,Electricity Generation by Gas,Fossil / Other,2963.73, GWh
2016-05-01,2016,5,May,Electricity Generation by High Speed Diesel (HSD),Fossil / Other,22.56, GWh
2016-05-01,2016,5,May,Electricity Generation by Mixed,Fossil / Other,9.11, GWh
2016-05-01,2016,5,May,Electricity Generation by Residual Fuel Oil (RFO),Fossil / Other,2732.92, GWh
2016-05-01,2016,5,May,Electricity Generation by Nuclear,Nuclear,416.99, GWh
2016-05-01,2016,5,May,Electricity Generation by Hydel,Renewable,3584.26, GWh
2016-05-01,2016,5,May,Electricity Generation by Solar,Renewable,29.85, GWh
2016-05-01,2016,5,May,Electricity Generation by Wind,Renewable,126.88, GWh
2016-05-01,2016,5,May,Electricity Generation by bagasse,Renewable,61.52, GWh
2016-06-01,2016,6,Jun,Electricity Generation by Coal,Fossil / Other,12.35, GWh
2016-06-01,2016,6,Jun,Electricity Generation by Gas,Fossil / Other,1923.67, GWh
2016-06-01,2016,6,Jun,Electricity Generation by High Speed Diesel (HSD),Fossil / Other,197.97, GWh
2016-06-01,2016,6,Jun,Electricity Generation by Mixed,Fossil / Other,9.78, GWh
2016-06-01,2016,6,Jun,Electricity Generation by Residual Fuel Oil (RFO),Fossil / Other,3420.79, GWh
2016-06-01,2016,6,Jun,Electricity Generation by Nuclear,Nuclear,422.01, GWh
2016-06-01,2016,6,Jun,Electricity Generation by Hydel,Renewable,3739.78, GWh
2016-06-01,2016,6,Jun,Electricity Generation by Solar,Renewable,46.41, GWh
2016-06-01,2016,6,Jun,Electricity Generation by Wind,Renewable,11.12, GWh
2016-06-01,2016,6,Jun,Electricity Generation by bagasse,Renewable,66.15, GWh
2016-07-01,2016,7,Jul,Electricity Generation by Coal,Fossil / Other,8.399, GWh
2016-07-01,2016,7,Jul,Electricity Generation by Gas,Fossil / Other,2054.58, GWh
2016-07-01,2016,7,Jul,Electricity Generation by High Speed Diesel (HSD),Fossil / Other,86.53, GWh
2016-07-01,2016,7,Jul,Electricity Generation by Mixed,Fossil / Other,8.11, GWh
2016-07-01,2016,7,Jul,Electricity Generation by Regasification Liquefied Natural Gas(RLNG),Fossil / Other,1000.51, GWh
2016-07-01,2016,7,Jul,Electricity Generation by Residual Fuel Oil (RFO),Fossil / Other,3168.7, GWh
2016-07-01,2016,7,Jul,Electricity Generation by Nuclear,Nuclear,434.59, GWh
2016-07-01,2016,7,Jul,Electricity Generation by Hydel,Renewable,3948.02, GWh
2016-07-01,2016,7,Jul,Electricity Generation by Solar,Renewable,57.51, GWh
2016-07-01,2016,7,Jul,Electricity Generation by Wind,Renewable,129.65, GWh
2016-07-01,2016,7,Jul,Electricity Generation by bagasse,Renewable,63.54, GWh
2016-08-01,2016,8,Aug,Electricity Generation by Coal,Fossil / Other,10.44, GWh
2016-08-01,2016,8,Aug,Electricity Generation by Gas,Fossil / Other,2343.99, GWh
2016-08-01,2016,8,Aug,Electricity Generation by High Speed Diesel (HSD),Fossil / Other,142.16, GWh
2016-08-01,2016,8,Aug,Electricity Generation by Mixed,Fossil / Other,7.84, GWh
2016-08-01,2016,8,Aug,Electricity Generation by Regasification Liquefied Natural Gas(RLNG),Fossil / Other,291.27, GWh
2016-08-01,2016,8,Aug,Electricity Generation by Residual Fuel Oil (RFO),Fossil / Other,3054.42, GWh
2016-08-01,2016,8,Aug,Electricity Generation by Nuclear,Nuclear,432.19, GWh
2016-08-01,2016,8,Aug,Electricity Generation by Hydel,Renewable,4249.59, GWh
2016-08-01,2016,8,Aug,Electricity Generation by Solar,Renewable,52.0, GWh
2016-08-01,2016,8,Aug,Electricity Generation by Wind,Renewable,82.63, GWh
2016-08-01,2016,8,Aug,Electricity Generation by bagasse,Renewable,68.95, GWh
2016-09-01,2016,9,Sep,Electricity Generation by Coal,Fossil / Other,8.13, GWh
2016-09-01,2016,9,Sep,Electricity Generation by Gas,Fossil / Other,2233.36, GWh
2016-09-01,2016,9,Sep,Electricity Generation by High Speed Diesel (HSD),Fossil / Other,101.66, GWh
2016-09-01,2016,9,Sep,Electricity Generation by Mixed,Fossil / Other,7.03, GWh
2016-09-01,2016,9,Sep,Electricity Generation by Regasification Liquefied Natural Gas(RLNG),Fossil / Other,297.53, GWh
2016-09-01,2016,9,Sep,Electricity Generation by Residual Fuel Oil (RFO),Fossil / Other,2651.33, GWh
2016-09-01,2016,9,Sep,Electricity Generation by Nuclear,Nuclear,422.31, GWh
2016-09-01,2016,9,Sep,Electricity Generation by Hydel,Renewable,4209.5, GWh
2016-09-01,2016,9,Sep,Electricity Generation by Solar,Renewable,61.87, GWh
2016-09-01,2016,9,Sep,Electricity Generation by Wind,Renewable,143.08, GWh
2016-09-01,2016,9,Sep,Electricity Generation by bagasse,Renewable,42.21, GWh
2016-10-01,2016,10,Oct,Electricity Generation by Coal,Fossil / Other,10.17, GWh
2016-10-01,2016,10,Oct,Electricity Generation by Gas,Fossil / Other,2118.17, GWh
2016-10-01,2016,10,Oct,Electricity Generation by High Speed Diesel (HSD),Fossil / Other,172.84, GWh
2016-10-01,2016,10,Oct,Electricity Generation by Mixed,Fossil / Other,5.98, GWh
2016-10-01,2016,10,Oct,Electricity Generation by Regasification Liquefied Natural Gas(RLNG),Fossil / Other,353.6, GWh
2016-10-01,2016,10,Oct,Electricity Generation by Residual Fuel Oil (RFO),Fossil / Other,2630.35, GWh
2016-10-01,2016,10,Oct,Electricity Generation by Nuclear,Nuclear,437.42, GWh
2016-10-01,2016,10,Oct,Electricity Generation by Hydel,Renewable,2762.04, GWh
2016-10-01,2016,10,Oct,Electricity Generation by Solar,Renewable,56.41, GWh
2016-10-01,2016,10,Oct,Electricity Generation by Wind,Renewable,71.59, GWh
2016-10-01,2016,10,Oct,Electricity Generation by bagasse,Renewable,18.66, GWh
2016-11-01,2016,11,Nov,Electricity Generation by Coal,Fossil / Other,0.0, GWh
2016-11-01,2016,11,Nov,Electricity Generation by Gas,Fossil / Other,1925.57, GWh
2016-11-01,2016,11,Nov,Electricity Generation by High Speed Diesel (HSD),Fossil / Other,0.0, GWh
2016-11-01,2016,11,Nov,Electricity Generation by Mixed,Fossil / Other,14.57, GWh
2016-11-01,2016,11,Nov,Electricity Generation by Regasification Liquefied Natural Gas(RLNG),Fossil / Other,286.15, GWh
2016-11-01,2016,11,Nov,Electricity Generation by Residual Fuel Oil (RFO),Fossil / Other,1345.02, GWh
2016-11-01,2016,11,Nov,Electricity Generation by Nuclear,Nuclear,338.4, GWh
2016-11-01,2016,11,Nov,Electricity Generation by Hydel,Renewable,2842.53, GWh
2016-11-01,2016,11,Nov,Electricity Generation by Solar,Renewable,45.34, GWh
2016-11-01,2016,11,Nov,Electricity Generation by Wind,Renewable,46.67, GWh
2016-11-01,2016,11,Nov,Electricity Generation by bagasse,Renewable,55.99, GWh
2016-12-01,2016,12,Dec,Electricity Generation by Coal,Fossil / Other,2.5, GWh
2016-12-01,2016,12,Dec,Electricity Generation by Gas,Fossil / Other,1855.34, GWh
2016-12-01,2016,12,Dec,Electricity Generation by High Speed Diesel (HSD),Fossil / Other,60.62, GWh
2016-12-01,2016,12,Dec,Electricity Generation by Mixed,Fossil / Other,27.79, GWh
2016-12-01,2016,12,Dec,Electricity Generation by Residual Fuel Oil (RFO),Fossil / Other,2673.3, GWh
2016-12-01,2016,12,Dec,Electricity Generation by Nuclear,Nuclear,441.69, GWh
2016-12-01,2016,12,Dec,Electricity Generation by Hydel,Renewable,1642.65, GWh
2016-12-01,2016,12,Dec,Electricity Generation by Solar,Renewable,43.16, GWh
2016-12-01,2016,12,Dec,Electricity Generation by Wind,Renewable,54.13, GWh
2016-12-01,2016,12,Dec,Electricity Generation by bagasse,Renewable,69.78, GWh
2017-01-01,2017,1,Jan,Electricity Generation by Coal,Fossil / Other,9.62, GWh
2017-01-01,2017,1,Jan,Electricity Generation by Gas,Fossil / Other,1822.2, GWh
2017-01-01,2017,1,Jan,Electricity Generation by High Speed Diesel (HSD),Fossil / Other,362.08, GWh
2017-01-01,2017,1,Jan,Electricity Generation by Mixed,Fossil / Other,32.45, GWh
2017-01-01,2017,1,Jan,Electricity Generation by Residual Fuel Oil (RFO),Fossil / Other,3295.96, GWh
2017-01-01,2017,1,Jan,Electricity Generation by Nuclear,Nuclear,580.55, GWh
2017-01-01,2017,1,Jan,Electricity Generation by Hydel,Renewable,811.78, GWh
2017-01-01,2017,1,Jan,Electricity Generation by Solar,Renewable,38.89, GWh
2017-01-01,2017,1,Jan,Electricity Generation by Wind,Renewable,106.81, GWh
2017-01-01,2017,1,Jan,Electricity Generation by bagasse,Renewable,73.28, GWh
2017-02-01,2017,2,Feb,Electricity Generation by Coal,Fossil / Other,4.6, GWh
2017-02-01,2017,2,Feb,Electricity Generation by Gas,Fossil / Other,1796.6, GWh
2017-02-01,2017,2,Feb,Electricity Generation by High Speed Diesel (HSD),Fossil / Other,5.9, GWh
2017-02-01,2017,2,Feb,Electricity Generation by Mixed,Fossil / Other,36.1, GWh
2017-02-01,2017,2,Feb,Electricity Generation by Regasification Liquefied Natural Gas(RLNG),Fossil / Other,537.8, GWh
2017-02-01,2017,2,Feb,Electricity Generation by Residual Fuel Oil (RFO),Fossil / Other,1677.5, GWh
2017-02-01,2017,2,Feb,Electricity Generation by Nuclear,Nuclear,581.0, GWh
2017-02-01,2017,2,Feb,Electricity Generation by Hydel,Renewable,1493.5, GWh
2017-02-01,2017,2,Feb,Electricity Generation by Solar,Renewable,54.2, GWh
2017-02-01,2017,2,Feb,Electricity Generation by Wind,Renewable,51.0, GWh
2017-02-01,2017,2,Feb,Electricity Generation by bagasse,Renewable,80.5, GWh
2017-03-01,2017,3,Mar,Electricity Generation by Coal,Fossil / Other,8.7, GWh
2017-03-01,2017,3,Mar,Electricity Generation by Gas,Fossil / Other,2218.74, GWh
2017-03-01,2017,3,Mar,Electricity Generation by High Speed Diesel (HSD),Fossil / Other,38.15, GWh
2017-03-01,2017,3,Mar,Electricity Generation by Mixed,Fossil / Other,50.21, GWh
2017-03-01,2017,3,Mar,Electricity Generation by Regasification Liquefied Natural Gas(RLNG),Fossil / Other,611.23, GWh
2017-03-01,2017,3,Mar,Electricity Generation by Residual Fuel Oil (RFO),Fossil / Other,2495.77, GWh
2017-03-01,2017,3,Mar,Electricity Generation by Nuclear,Nuclear,616.62, GWh
2017-03-01,2017,3,Mar,Electricity Generation by Hydel,Renewable,1284.24, GWh
2017-03-01,2017,3,Mar,Electricity Generation by Solar,Renewable,62.87, GWh
2017-03-01,2017,3,Mar,Electricity Generation by Wind,Renewable,86.64, GWh
2017-03-01,2017,3,Mar,Electricity Generation by bagasse,Renewable,107.94, GWh
2017-04-01,2017,4,Apr,Electricity Generation by Coal,Fossil / Other,13.1, GWh
2017-04-01,2017,4,Apr,Electricity Generation by Gas,Fossil / Other,1938.45, GWh
2017-04-01,2017,4,Apr,Electricity Generation by High Speed Diesel (HSD),Fossil / Other,137.65, GWh
2017-04-01,2017,4,Apr,Electricity Generation by Mixed,Fossil / Other,29.54, GWh
2017-04-01,2017,4,Apr,Electricity Generation by Regasification Liquefied Natural Gas(RLNG),Fossil / Other,785.68, GWh
2017-04-01,2017,4,Apr,Electricity Generation by Residual Fuel Oil (RFO),Fossil / Other,3081.24, GWh
2017-04-01,2017,4,Apr,Electricity Generation by Nuclear,Nuclear,440.8, GWh
2017-04-01,2017,4,Apr,Electricity Generation by Hydel,Renewable,2025.71, GWh
2017-04-01,2017,4,Apr,Electricity Generation by Solar,Renewable,62.76, GWh
2017-04-01,2017,4,Apr,Electricity Generation by Wind,Renewable,149.27, GWh
2017-04-01,2017,4,Apr,Electricity Generation by bagasse,Renewable,132.87, GWh
2017-05-01,2017,5,May,Electricity Generation by Coal,Fossil / Other,237.06, GWh
2017-05-01,2017,5,May,Electricity Generation by Gas,Fossil / Other,1944.85, GWh
2017-05-01,2017,5,May,Electricity Generation by High Speed Diesel (HSD),Fossil / Other,405.56, GWh
2017-05-01,2017,5,May,Electricity Generation by Mixed,Fossil / Other,25.08, GWh
2017-05-01,2017,5,May,Electricity Generation by Regasification Liquefied Natural Gas(RLNG),Fossil / Other,857.31, GWh
2017-05-01,2017,5,May,Electricity Generation by Residual Fuel Oil (RFO),Fossil / Other,3305.8, GWh
2017-05-01,2017,5,May,Electricity Generation by Nuclear,Nuclear,485.44, GWh
2017-05-01,2017,5,May,Electricity Generation by Hydel,Renewable,3325.01, GWh
2017-05-01,2017,5,May,Electricity Generation by Solar,Renewable,62.85, GWh
2017-05-01,2017,5,May,Electricity Generation by Wind,Renewable,210.07, GWh
2017-05-01,2017,5,May,Electricity Generation by bagasse,Renewable,113.55, GWh
2017-06-01,2017,6,Jun,Electricity Generation by Coal,Fossil / Other,652.44, GWh
2017-06-01,2017,6,Jun,Electricity Generation by Gas,Fossil / Other,2111.76, GWh
2017-06-01,2017,6,Jun,Electricity Generation by High Speed Diesel (HSD),Fossil / Other,155.37, GWh
2017-06-01,2017,6,Jun,Electricity Generation by Mixed,Fossil / Other,26.67, GWh
2017-06-01,2017,6,Jun,Electricity Generation by Regasification Liquefied Natural Gas(RLNG),Fossil / Other,1406.78, GWh
2017-06-01,2017,6,Jun,Electricity Generation by Residual Fuel Oil (RFO),Fossil / Other,2559.93, GWh
2017-06-01,2017,6,Jun,Electricity Generation by Nuclear,Nuclear,657.14, GWh
2017-06-01,2017,6,Jun,Electricity Generation by Hydel,Renewable,3490.23, GWh
2017-06-01,2017,6,Jun,Electricity Generation by Solar,Renewable,54.29, GWh
2017-06-01,2017,6,Jun,Electricity Generation by Wind,Renewable,195.65, GWh
2017-06-01,2017,6,Jun,Electricity Generation by bagasse,Renewable,94.09, GWh
2017-07-01,2017,7,Jul,Electricity Generation by Coal,Fossil / Other,368.05, GWh
2017-07-01,2017,7,Jul,Electricity Generation by Gas,Fossil / Other,2145.17, GWh
2017-07-01,2017,7,Jul,Electricity Generation by High Speed Diesel (HSD),Fossil / Other,335.59, GWh
2017-07-01,2017,7,Jul,Electricity Generation by Mixed,Fossil / Other,26.69, GWh
2017-07-01,2017,7,Jul,Electricity Generation by Regasification Liquefied Natural Gas(RLNG),Fossil / Other,1514.5, GWh
2017-07-01,2017,7,Jul,Electricity Generation by Residual Fuel Oil (RFO),Fossil / Other,3198.5, GWh
2017-07-01,2017,7,Jul,Electricity Generation by Nuclear,Nuclear,641.59, GWh
2017-07-01,2017,7,Jul,Electricity Generation by Hydel,Renewable,3847.55, GWh
2017-07-01,2017,7,Jul,Electricity Generation by Solar,Renewable,56.63, GWh
2017-07-01,2017,7,Jul,Electricity Generation by Wind,Renewable,232.78, GWh
2017-07-01,2017,7,Jul,Electricity Generation by bagasse,Renewable,75.31, GWh
2017-08-01,2017,8,Aug,Electricity Generation by Coal,Fossil / Other,405.07, GWh
2017-08-01,2017,8,Aug,Electricity Generation by Gas,Fossil / Other,2146.31, GWh
2017-08-01,2017,8,Aug,Electricity Generation by High Speed Diesel (HSD),Fossil / Other,335.99, GWh
2017-08-01,2017,8,Aug,Electricity Generation by Mixed,Fossil / Other,31.02, GWh
2017-08-01,2017,8,Aug,Electricity Generation by Regasification Liquefied Natural Gas(RLNG),Fossil / Other,1369.2, GWh
2017-08-01,2017,8,Aug,Electricity Generation by Residual Fuel Oil (RFO),Fossil / Other,3122.95, GWh
2017-08-01,2017,8,Aug,Electricity Generation by Nuclear,Nuclear,736.333, GWh
2017-08-01,2017,8,Aug,Electricity Generation by Hydel,Renewable,4196.51, GWh
2017-08-01,2017,8,Aug,Electricity Generation by Solar,Renewable,59.76, GWh
2017-08-01,2017,8,Aug,Electricity Generation by Wind,Renewable,204.4, GWh
2017-08-01,2017,8,Aug,Electricity Generation by bagasse,Renewable,94.09, GWh
2017-09-01,2017,9,Sep,Electricity Generation by Coal,Fossil / Other,551.18, GWh
2017-09-01,2017,9,Sep,Electricity Generation by Gas,Fossil / Other,1882.79, GWh
2017-09-01,2017,9,Sep,Electricity Generation by High Speed Diesel (HSD),Fossil / Other,60.25, GWh
2017-09-01,2017,9,Sep,Electricity Generation by Mixed,Fossil / Other,56.68, GWh
2017-09-01,2017,9,Sep,Electricity Generation by Regasification Liquefied Natural Gas(RLNG),Fossil / Other,1326.37, GWh
2017-09-01,2017,9,Sep,Electricity Generation by Residual Fuel Oil (RFO),Fossil / Other,2328.48, GWh
2017-09-01,2017,9,Sep,Electricity Generation by Nuclear,Nuclear,777.55, GWh
2017-09-01,2017,9,Sep,Electricity Generation by Hydel,Renewable,4142.64, GWh
2017-09-01,2017,9,Sep,Electricity Generation by Solar,Renewable,61.94, GWh
2017-09-01,2017,9,Sep,Electricity Generation by Wind,Renewable,141.65, GWh
2017-09-01,2017,9,Sep,Electricity Generation by bagasse,Renewable,110.28, GWh
2017-10-01,2017,10,Oct,Electricity Generation by Coal,Fossil / Other,687.36, GWh
2017-10-01,2017,10,Oct,Electricity Generation by Gas,Fossil / Other,1683.17, GWh
2017-10-01,2017,10,Oct,Electricity Generation by High Speed Diesel (HSD),Fossil / Other,0.0, GWh
2017-10-01,2017,10,Oct,Electricity Generation by Mixed,Fossil / Other,56.79, GWh
2017-10-01,2017,10,Oct,Electricity Generation by Regasification Liquefied Natural Gas(RLNG),Fossil / Other,1492.74, GWh
2017-10-01,2017,10,Oct,Electricity Generation by Residual Fuel Oil (RFO),Fossil / Other,2547.48, GWh
2017-10-01,2017,10,Oct,Electricity Generation by Nuclear,Nuclear,837.6, GWh
2017-10-01,2017,10,Oct,Electricity Generation by Hydel,Renewable,2438.39, GWh
2017-10-01,2017,10,Oct,Electricity Generation by Solar,Renewable,82.82, GWh
2017-10-01,2017,10,Oct,Electricity Generation by Wind,Renewable,76.76, GWh
2017-10-01,2017,10,Oct,Electricity Generation by bagasse,Renewable,65.56, GWh
2017-11-01,2017,11,Nov,Electricity Generation by Coal,Fossil / Other,961.75, GWh
2017-11-01,2017,11,Nov,Electricity Generation by Gas,Fossil / Other,1778.11, GWh
2017-11-01,2017,11,Nov,Electricity Generation by High Speed Diesel (HSD),Fossil / Other,0.0, GWh
2017-11-01,2017,11,Nov,Electricity Generation by Mixed,Fossil / Other,56.13, GWh
2017-11-01,2017,11,Nov,Electricity Generation by Regasification Liquefied Natural Gas(RLNG),Fossil / Other,869.66, GWh
2017-11-01,2017,11,Nov,Electricity Generation by Residual Fuel Oil (RFO),Fossil / Other,648.5, GWh
2017-11-01,2017,11,Nov,Electricity Generation by Nuclear,Nuclear,634.21, GWh
2017-11-01,2017,11,Nov,Electricity Generation by Hydel,Renewable,2212.47, GWh
2017-11-01,2017,11,Nov,Electricity Generation by Solar,Renewable,42.2, GWh
2017-11-01,2017,11,Nov,Electricity Generation by Wind,Renewable,71.1, GWh
2017-11-01,2017,11,Nov,Electricity Generation by bagasse,Renewable,55.46, GWh
2017-12-01,2017,12,Dec,Electricity Generation by Coal,Fossil / Other,909.58, GWh
2017-12-01,2017,12,Dec,Electricity Generation by Gas,Fossil / Other,1787.66, GWh
2017-12-01,2017,12,Dec,Electricity Generation by High Speed Diesel (HSD),Fossil / Other,51.48, GWh
2017-12-01,2017,12,Dec,Electricity Generation by Mixed,Fossil / Other,55.35, GWh
2017-12-01,2017,12,Dec,Electricity Generation by Regasification Liquefied Natural Gas(RLNG),Fossil / Other,365.86, GWh
2017-12-01,2017,12,Dec,Electricity Generation by Residual Fuel Oil (RFO),Fossil / Other,2281.45, GWh
2017-12-01,2017,12,Dec,Electricity Generation by Nuclear,Nuclear,728.59, GWh
2017-12-01,2017,12,Dec,Electricity Generation by Hydel,Renewable,1231.53, GWh
2017-12-01,2017,12,Dec,Electricity Generation by Solar,Renewable,48.78, GWh
2017-12-01,2017,12,Dec,Electricity Generation by Wind,Renewable,106.75, GWh
2017-12-01,2017,12,Dec,Electricity Generation by bagasse,Renewable,86.39, GWh
2018-01-01,2018,1,Jan,Electricity Generation by Coal,Fossil / Other,1144.66, GWh
2018-01-01,2018,1,Jan,Electricity Generation by Gas,Fossil / Other,1851.64, GWh
2018-01-01,2018,1,Jan,Electricity Generation by High Speed Diesel (HSD),Fossil / Other,0.0, GWh
2018-01-01,2018,1,Jan,Electricity Generation by Mixed,Fossil / Other,72.4, GWh
2018-01-01,2018,1,Jan,Electricity Generation by Regasification Liquefied Natural Gas(RLNG),Fossil / Other,1602.88, GWh
2018-01-01,2018,1,Jan,Electricity Generation by Residual Fuel Oil (RFO),Fossil / Other,1630.46, GWh
2018-01-01,2018,1,Jan,Electricity Generation by Nuclear,Nuclear,820.95, GWh
2018-01-01,2018,1,Jan,Electricity Generation by Hydel,Renewable,606.34, GWh
2018-01-01,2018,1,Jan,Electricity Generation by Solar,Renewable,54.8, GWh
2018-01-01,2018,1,Jan,Electricity Generation by Wind,Renewable,73.1, GWh
2018-01-01,2018,1,Jan,Electricity Generation by bagasse,Renewable,86.9, GWh
2018-02-01,2018,2,Feb,Electricity Generation by Coal,Fossil / Other,1162.0, GWh
2018-02-01,2018,2,Feb,Electricity Generation by Gas,Fossil / Other,1572.9, GWh
2018-02-01,2018,2,Feb,Electricity Generation by High Speed Diesel (HSD),Fossil / Other,0.77, GWh
2018-02-01,2018,2,Feb,Electricity Generation by Mixed,Fossil / Other,61.1, GWh
2018-02-01,2018,2,Feb,Electricity Generation by Regasification Liquefied Natural Gas(RLNG),Fossil / Other,1340.9, GWh
2018-02-01,2018,2,Feb,Electricity Generation by Residual Fuel Oil (RFO),Fossil / Other,581.4, GWh
2018-02-01,2018,2,Feb,Electricity Generation by Nuclear,Nuclear,608.2, GWh
2018-02-01,2018,2,Feb,Electricity Generation by Hydel,Renewable,1356.6, GWh
2018-02-01,2018,2,Feb,Electricity Generation by Solar,Renewable,54.6, GWh
2018-02-01,2018,2,Feb,Electricity Generation by Wind,Renewable,94.9, GWh
2018-02-01,2018,2,Feb,Electricity Generation by bagasse,Renewable,80.9, GWh
2018-03-01,2018,3,Mar,Electricity Generation by Coal,Fossil / Other,1263.58, GWh
2018-03-01,2018,3,Mar,Electricity Generation by Gas,Fossil / Other,1860.06, GWh
2018-03-01,2018,3,Mar,Electricity Generation by High Speed Diesel (HSD),Fossil / Other,0.0, GWh
2018-03-01,2018,3,Mar,Electricity Generation by Mixed,Fossil / Other,68.81, GWh
2018-03-01,2018,3,Mar,Electricity Generation by Regasification Liquefied Natural Gas(RLNG),Fossil / Other,2126.1, GWh
2018-03-01,2018,3,Mar,Electricity Generation by Residual Fuel Oil (RFO),Fossil / Other,1410.35, GWh
2018-03-01,2018,3,Mar,Electricity Generation by Nuclear,Nuclear,786.18, GWh
2018-03-01,2018,3,Mar,Electricity Generation by Hydel,Renewable,872.44, GWh
2018-03-01,2018,3,Mar,Electricity Generation by Solar,Renewable,70.88, GWh
2018-03-01,2018,3,Mar,Electricity Generation by Wind,Renewable,149.25, GWh
2018-03-01,2018,3,Mar,Electricity Generation by bagasse,Renewable,91.09, GWh
2018-04-01,2018,4,Apr,Electricity Generation by Coal,Fossil / Other,1401.0, GWh
2018-04-01,2018,4,Apr,Electricity Generation by Gas,Fossil / Other,1549.0, GWh
2018-04-01,2018,4,Apr,Electricity Generation by High Speed Diesel (HSD),Fossil / Other,0.11, GWh
2018-04-01,2018,4,Apr,Electricity Generation by Mixed,Fossil / Other,56.37, GWh
2018-04-01,2018,4,Apr,Electricity Generation by Regasification Liquefied Natural Gas(RLNG),Fossil / Other,3695.0, GWh
2018-04-01,2018,4,Apr,Electricity Generation by Residual Fuel Oil (RFO),Fossil / Other,1550.0, GWh
2018-04-01,2018,4,Apr,Electricity Generation by Nuclear,Nuclear,835.0, GWh
2018-04-01,2018,4,Apr,Electricity Generation by Hydel,Renewable,1527.0, GWh
2018-04-01,2018,4,Apr,Electricity Generation by Solar,Renewable,79.83, GWh
2018-04-01,2018,4,Apr,Electricity Generation by Wind,Renewable,205.35, GWh
2018-04-01,2018,4,Apr,Electricity Generation by bagasse,Renewable,54.53, GWh
2018-05-01,2018,5,May,Electricity Generation by Coal,Fossil / Other,1488.95, GWh
2018-05-01,2018,5,May,Electricity Generation by Gas,Fossil / Other,1931.34, GWh
2018-05-01,2018,5,May,Electricity Generation by High Speed Diesel (HSD),Fossil / Other,0.0, GWh
2018-05-01,2018,5,May,Electricity Generation by Mixed,Fossil / Other,57.08, GWh
2018-05-01,2018,5,May,Electricity Generation by Regasification Liquefied Natural Gas(RLNG),Fossil / Other,2890.12, GWh
2018-05-01,2018,5,May,Electricity Generation by Residual Fuel Oil (RFO),Fossil / Other,2338.23, GWh
2018-05-01,2018,5,May,Electricity Generation by Nuclear,Nuclear,656.16, GWh
2018-05-01,2018,5,May,Electricity Generation by Hydel,Renewable,2217.0, GWh
2018-05-01,2018,5,May,Electricity Generation by Solar,Renewable,63.62, GWh
2018-05-01,2018,5,May,Electricity Generation by Wind,Renewable,289.4, GWh
2018-05-01,2018,5,May,Electricity Generation by bagasse,Renewable,113.45, GWh
2018-06-01,2018,6,Jun,Electricity Generation by Coal,Fossil / Other,1522.47, GWh
2018-06-01,2018,6,Jun,Electricity Generation by Gas,Fossil / Other,2026.03, GWh
2018-06-01,2018,6,Jun,Electricity Generation by High Speed Diesel (HSD),Fossil / Other,3.9, GWh
2018-06-01,2018,6,Jun,Electricity Generation by Mixed,Fossil / Other,55.06, GWh
2018-06-01,2018,6,Jun,Electricity Generation by Regasification Liquefied Natural Gas(RLNG),Fossil / Other,3252.28, GWh
2018-06-01,2018,6,Jun,Electricity Generation by Residual Fuel Oil (RFO),Fossil / Other,1162.5, GWh
2018-06-01,2018,6,Jun,Electricity Generation by Nuclear,Nuclear,656.03, GWh
2018-06-01,2018,6,Jun,Electricity Generation by Hydel,Renewable,3589.02, GWh
2018-06-01,2018,6,Jun,Electricity Generation by Solar,Renewable,57.05, GWh
2018-06-01,2018,6,Jun,Electricity Generation by Wind,Renewable,427.29, GWh
2018-06-01,2018,6,Jun,Electricity Generation by bagasse,Renewable,109.25, GWh
2018-07-01,2018,7,Jul,Electricity Generation by Coal,Fossil / Other,1736.77, GWh
2018-07-01,2018,7,Jul,Electricity Generation by Gas,Fossil / Other,2045.43, GWh
2018-07-01,2018,7,Jul,Electricity Generation by High Speed Diesel (HSD),Fossil / Other,10.74, GWh
2018-07-01,2018,7,Jul,Electricity Generation by Mixed,Fossil / Other,58.02, GWh
2018-07-01,2018,7,Jul,Electricity Generation by Regasification Liquefied Natural Gas(RLNG),Fossil / Other,3370.24, GWh
2018-07-01,2018,7,Jul,Electricity Generation by Residual Fuel Oil (RFO),Fossil / Other,1283.76, GWh
2018-07-01,2018,7,Jul,Electricity Generation by Nuclear,Nuclear,735.65, GWh
2018-07-01,2018,7,Jul,Electricity Generation by Hydel,Renewable,3891.51, GWh
2018-07-01,2018,7,Jul,Electricity Generation by Solar,Renewable,61.52, GWh
2018-07-01,2018,7,Jul,Electricity Generation by Wind,Renewable,428.92, GWh
2018-07-01,2018,7,Jul,Electricity Generation by bagasse,Renewable,99.86, GWh
2018-08-01,2018,8,Aug,Electricity Generation by Coal,Fossil / Other,1343.77, GWh
2018-08-01,2018,8,Aug,Electricity Generation by Gas,Fossil / Other,2039.67, GWh
2018-08-01,2018,8,Aug,Electricity Generation by High Speed Diesel (HSD),Fossil / Other,6.07, GWh
2018-08-01,2018,8,Aug,Electricity Generation by Mixed,Fossil / Other,58.0, GWh
2018-08-01,2018,8,Aug,Electricity Generation by Regasification Liquefied Natural Gas(RLNG),Fossil / Other,3187.48, GWh
2018-08-01,2018,8,Aug,Electricity Generation by Residual Fuel Oil (RFO),Fossil / Other,1643.75, GWh
2018-08-01,2018,8,Aug,Electricity Generation by Nuclear,Nuclear,628.27, GWh
2018-08-01,2018,8,Aug,Electricity Generation by Hydel,Renewable,4478.41, GWh
2018-08-01,2018,8,Aug,Electricity Generation by Solar,Renewable,63.67, GWh
2018-08-01,2018,8,Aug,Electricity Generation by Wind,Renewable,439.3, GWh
2018-08-01,2018,8,Aug,Electricity Generation by bagasse,Renewable,80.27, GWh
2018-09-01,2018,9,Sep,Electricity Generation by Coal,Fossil / Other,1149.17, GWh
2018-09-01,2018,9,Sep,Electricity Generation by Gas,Fossil / Other,1980.34, GWh
2018-09-01,2018,9,Sep,Electricity Generation by High Speed Diesel (HSD),Fossil / Other,1.93, GWh
2018-09-01,2018,9,Sep,Electricity Generation by Mixed,Fossil / Other,53.21, GWh
2018-09-01,2018,9,Sep,Electricity Generation by Regasification Liquefied Natural Gas(RLNG),Fossil / Other,2847.33, GWh
2018-09-01,2018,9,Sep,Electricity Generation by Residual Fuel Oil (RFO),Fossil / Other,1024.88, GWh
2018-09-01,2018,9,Sep,Electricity Generation by Nuclear,Nuclear,681.93, GWh
2018-09-01,2018,9,Sep,Electricity Generation by Hydel,Renewable,4279.5, GWh
2018-09-01,2018,9,Sep,Electricity Generation by Solar,Renewable,64.38, GWh
2018-09-01,2018,9,Sep,Electricity Generation by Wind,Renewable,342.35, GWh
2018-09-01,2018,9,Sep,Electricity Generation by bagasse,Renewable,79.97, GWh
2018-10-01,2018,10,Oct,Electricity Generation by Coal,Fossil / Other,1115.7, GWh
2018-10-01,2018,10,Oct,Electricity Generation by Gas,Fossil / Other,1913.1, GWh
2018-10-01,2018,10,Oct,Electricity Generation by Mixed,Fossil / Other,48.34, GWh
2018-10-01,2018,10,Oct,Electricity Generation by Regasification Liquefied Natural Gas(RLNG),Fossil / Other,2194.68, GWh
2018-10-01,2018,10,Oct,Electricity Generation by Residual Fuel Oil (RFO),Fossil / Other,754.35, GWh
2018-10-01,2018,10,Oct,Electricity Generation by Nuclear,Nuclear,887.67, GWh
2018-10-01,2018,10,Oct,Electricity Generation by Hydel,Renewable,2389.95, GWh
2018-10-01,2018,10,Oct,Electricity Generation by Solar,Renewable,61.44, GWh
2018-10-01,2018,10,Oct,Electricity Generation by Wind,Renewable,94.05, GWh
2018-10-01,2018,10,Oct,Electricity Generation by bagasse,Renewable,68.56, GWh
2018-11-01,2018,11,Nov,Electricity Generation by Coal,Fossil / Other,1043.72, GWh
2018-11-01,2018,11,Nov,Electricity Generation by Gas,Fossil / Other,1511.98, GWh
2018-11-01,2018,11,Nov,Electricity Generation by Mixed,Fossil / Other,25.65, GWh
2018-11-01,2018,11,Nov,Electricity Generation by Regasification Liquefied Natural Gas(RLNG),Fossil / Other,1299.75, GWh
2018-11-01,2018,11,Nov,Electricity Generation by Residual Fuel Oil (RFO),Fossil / Other,5.75, GWh
2018-11-01,2018,11,Nov,Electricity Generation by Nuclear,Nuclear,821.05, GWh
2018-11-01,2018,11,Nov,Electricity Generation by Hydel,Renewable,2563.97, GWh
2018-11-01,2018,11,Nov,Electricity Generation by Solar,Renewable,48.03, GWh
2018-11-01,2018,11,Nov,Electricity Generation by Wind,Renewable,126.87, GWh
2018-11-01,2018,11,Nov,Electricity Generation by bagasse,Renewable,59.7, GWh
2018-12-01,2018,12,Dec,Electricity Generation by Coal,Fossil / Other,1563.12875, GWh
2018-12-01,2018,12,Dec,Electricity Generation by Gas,Fossil / Other,1679.262704, GWh
2018-12-01,2018,12,Dec,Electricity Generation by Mixed,Fossil / Other,23.75873, GWh
2018-12-01,2018,12,Dec,Electricity Generation by Regasification Liquefied Natural Gas(RLNG),Fossil / Other,960.53882, GWh
2018-12-01,2018,12,Dec,Electricity Generation by Residual Fuel Oil (RFO),Fossil / Other,930.784947, GWh
2018-12-01,2018,12,Dec,Electricity Generation by Nuclear,Nuclear,896.588, GWh
2018-12-01,2018,12,Dec,Electricity Generation by Hydel,Renewable,1334.488221, GWh
2018-12-01,2018,12,Dec,Electricity Generation by Solar,Renewable,52.93291, GWh
2018-12-01,2018,12,Dec,Electricity Generation by Wind,Renewable,170.659426, GWh
2018-12-01,2018,12,Dec,Electricity Generation by bagasse,Renewable,70.39088, GWh
2019-01-01,2019,1,Jan,Electricity Generation by Coal,Fossil / Other,1451.8, GWh
2019-01-01,2019,1,Jan,Electricity Generation by Gas,Fossil / Other,1709.42, GWh
2019-01-01,2019,1,Jan,Electricity Generation by High Speed Diesel (HSD),Fossil / Other,12.26, GWh
2019-01-01,2019,1,Jan,Electricity Generation by Mixed,Fossil / Other,25.62, GWh
2019-01-01,2019,1,Jan,Electricity Generation by Regasification Liquefied Natural Gas(RLNG),Fossil / Other,1138.25, GWh
2019-01-01,2019,1,Jan,Electricity Generation by Residual Fuel Oil (RFO),Fossil / Other,1722.06, GWh
2019-01-01,2019,1,Jan,Electricity Generation by Nuclear,Nuclear,905.62, GWh
2019-01-01,2019,1,Jan,Electricity Generation by Hydel,Renewable,477.62, GWh
2019-01-01,2019,1,Jan,Electricity Generation by Solar,Renewable,43.2, GWh
2019-01-01,2019,1,Jan,Electricity Generation by Wind,Renewable,156.27, GWh
2019-01-01,2019,1,Jan,Electricity Generation by bagasse,Renewable,86.42, GWh
2019-02-01,2019,2,Feb,Electricity Generation by Coal,Fossil / Other,1167.69, GWh
2019-02-01,2019,2,Feb,Electricity Generation by Gas,Fossil / Other,1595.08, GWh
2019-02-01,2019,2,Feb,Electricity Generation by Mixed,Fossil / Other,23.49, GWh
2019-02-01,2019,2,Feb,Electricity Generation by Regasification Liquefied Natural Gas(RLNG),Fossil / Other,1129.23, GWh
2019-02-01,2019,2,Feb,Electricity Generation by Residual Fuel Oil (RFO),Fossil / Other,112.35, GWh
2019-02-01,2019,2,Feb,Electricity Generation by Nuclear,Nuclear,744.03, GWh
2019-02-01,2019,2,Feb,Electricity Generation by Hydel,Renewable,1522.6, GWh
2019-02-01,2019,2,Feb,Electricity Generation by Solar,Renewable,52.94, GWh
2019-02-01,2019,2,Feb,Electricity Generation by Wind,Renewable,212.51, GWh
2019-02-01,2019,2,Feb,Electricity Generation by bagasse,Renewable,98.53, GWh
2019-03-01,2019,3,Mar,Electricity Generation by Coal,Fossil / Other,1068.76, GWh
2019-03-01,2019,3,Mar,Electricity Generation by Gas,Fossil / Other,1832.86, GWh
2019-03-01,2019,3,Mar,Electricity Generation by Mixed,Fossil / Other,33.66, GWh
2019-03-01,2019,3,Mar,Electricity Generation by Regasification Liquefied Natural Gas(RLNG),Fossil / Other,1883.76, GWh
2019-03-01,2019,3,Mar,Electricity Generation by Residual Fuel Oil (RFO),Fossil / Other,40.29, GWh
2019-03-01,2019,3,Mar,Electricity Generation by Nuclear,Nuclear,877.65, GWh
2019-03-01,2019,3,Mar,Electricity Generation by Hydel,Renewable,1601.12, GWh
2019-03-01,2019,3,Mar,Electricity Generation by Solar,Renewable,66.9, GWh
2019-03-01,2019,3,Mar,Electricity Generation by Wind,Renewable,186.82, GWh
2019-03-01,2019,3,Mar,Electricity Generation by bagasse,Renewable,95.28, GWh
2019-04-01,2019,4,Apr,Electricity Generation by Coal,Fossil / Other,1005.04, GWh
2019-04-01,2019,4,Apr,Electricity Generation by Gas,Fossil / Other,1789.5, GWh
2019-04-01,2019,4,Apr,Electricity Generation by High Speed Diesel (HSD),Fossil / Other,0.0, GWh
2019-04-01,2019,4,Apr,Electricity Generation by Mixed,Fossil / Other,28.57, GWh
2019-04-01,2019,4,Apr,Electricity Generation by Regasification Liquefied Natural Gas(RLNG),Fossil / Other,2995.81, GWh
2019-04-01,2019,4,Apr,Electricity Generation by Residual Fuel Oil (RFO),Fossil / Other,481.05, GWh
2019-04-01,2019,4,Apr,Electricity Generation by Nuclear,Nuclear,745.2, GWh
2019-04-01,2019,4,Apr,Electricity Generation by Hydel,Renewable,2229.41, GWh
2019-04-01,2019,4,Apr,Electricity Generation by Solar,Renewable,66.5, GWh
2019-04-01,2019,4,Apr,Electricity Generation by Wind,Renewable,267.44, GWh
2019-04-01,2019,4,Apr,Electricity Generation by bagasse,Renewable,66.43, GWh
2019-05-01,2019,5,May,Electricity Generation by Coal,Fossil / Other,1628.88, GWh
2019-05-01,2019,5,May,Electricity Generation by Gas,Fossil / Other,2056.55, GWh
2019-05-01,2019,5,May,Electricity Generation by High Speed Diesel (HSD),Fossil / Other,0.0, GWh
2019-05-01,2019,5,May,Electricity Generation by Mixed,Fossil / Other,15.27, GWh
2019-05-01,2019,5,May,Electricity Generation by Regasification Liquefied Natural Gas(RLNG),Fossil / Other,3624.86, GWh
2019-05-01,2019,5,May,Electricity Generation by Residual Fuel Oil (RFO),Fossil / Other,397.92, GWh
2019-05-01,2019,5,May,Electricity Generation by Nuclear,Nuclear,543.61, GWh
2019-05-01,2019,5,May,Electricity Generation by Hydel,Renewable,3747.21, GWh
2019-05-01,2019,5,May,Electricity Generation by Solar,Renewable,69.08, GWh
2019-05-01,2019,5,May,Electricity Generation by Wind,Renewable,413.31, GWh
2019-05-01,2019,5,May,Electricity Generation by bagasse,Renewable,54.47, GWh
2019-06-01,2019,6,Jun,Electricity Generation by Coal,Fossil / Other,2037.45, GWh
2019-06-01,2019,6,Jun,Electricity Generation by Gas,Fossil / Other,1880.88, GWh
2019-06-01,2019,6,Jun,Electricity Generation by Mixed,Fossil / Other,11.53, GWh
2019-06-01,2019,6,Jun,Electricity Generation by Regasification Liquefied Natural Gas(RLNG),Fossil / Other,3613.71, GWh
2019-06-01,2019,6,Jun,Electricity Generation by Residual Fuel Oil (RFO),Fossil / Other,694.84, GWh
2019-06-01,2019,6,Jun,Electricity Generation by Nuclear,Nuclear,538.43, GWh
2019-06-01,2019,6,Jun,Electricity Generation by Hydel,Renewable,3840.0, GWh
2019-06-01,2019,6,Jun,Electricity Generation by Solar,Renewable,63.92, GWh
2019-06-01,2019,6,Jun,Electricity Generation by Wind,Renewable,393.14, GWh
2019-06-01,2019,6,Jun,Electricity Generation by bagasse,Renewable,34.55, GWh
2019-07-01,2019,7,Jul,Electricity Generation by Coal,Fossil / Other,2038.94, GWh
2019-07-01,2019,7,Jul,Electricity Generation by Gas,Fossil / Other,1680.92, GWh
2019-07-01,2019,7,Jul,Electricity Generation by High Speed Diesel (HSD),Fossil / Other,0.0, GWh
2019-07-01,2019,7,Jul,Electricity Generation by Mixed,Fossil / Other,10.18, GWh
2019-07-01,2019,7,Jul,Electricity Generation by Regasification Liquefied Natural Gas(RLNG),Fossil / Other,3516.71, GWh
2019-07-01,2019,7,Jul,Electricity Generation by Residual Fuel Oil (RFO),Fossil / Other,783.08, GWh
2019-07-01,2019,7,Jul,Electricity Generation by Nuclear,Nuclear,826.64, GWh
2019-07-01,2019,7,Jul,Electricity Generation by Hydel,Renewable,4629.48, GWh
2019-07-01,2019,7,Jul,Electricity Generation by Solar,Renewable,60.15, GWh
2019-07-01,2019,7,Jul,Electricity Generation by Wind,Renewable,596.17, GWh
2019-07-01,2019,7,Jul,Electricity Generation by bagasse,Renewable,35.51, GWh
2019-08-01,2019,8,Aug,Electricity Generation by Coal,Fossil / Other,1873.91, GWh
2019-08-01,2019,8,Aug,Electricity Generation by Gas,Fossil / Other,1668.49, GWh
2019-08-01,2019,8,Aug,Electricity Generation by Mixed,Fossil / Other,10.02, GWh
2019-08-01,2019,8,Aug,Electricity Generation by Regasification Liquefied Natural Gas(RLNG),Fossil / Other,3216.04, GWh
2019-08-01,2019,8,Aug,Electricity Generation by Residual Fuel Oil (RFO),Fossil / Other,505.92, GWh
2019-08-01,2019,8,Aug,Electricity Generation by Nuclear,Nuclear,654.99, GWh
2019-08-01,2019,8,Aug,Electricity Generation by Hydel,Renewable,5667.51, GWh
2019-08-01,2019,8,Aug,Electricity Generation by Solar,Renewable,61.81, GWh
2019-08-01,2019,8,Aug,Electricity Generation by Wind,Renewable,322.43, GWh
2019-08-01,2019,8,Aug,Electricity Generation by bagasse,Renewable,17.98, GWh
2019-09-01,2019,9,Sep,Electricity Generation by Coal,Fossil / Other,2232.0, GWh
2019-09-01,2019,9,Sep,Electricity Generation by Gas,Fossil / Other,1615.0, GWh
2019-09-01,2019,9,Sep,Electricity Generation by Mixed,Fossil / Other,10.0, GWh
2019-09-01,2019,9,Sep,Electricity Generation by Regasification Liquefied Natural Gas(RLNG),Fossil / Other,2868.0, GWh
2019-09-01,2019,9,Sep,Electricity Generation by Residual Fuel Oil (RFO),Fossil / Other,817.0, GWh
2019-09-01,2019,9,Sep,Electricity Generation by Nuclear,Nuclear,749.0, GWh
2019-09-01,2019,9,Sep,Electricity Generation by Hydel,Renewable,5053.0, GWh
2019-09-01,2019,9,Sep,Electricity Generation by Solar,Renewable,62.0, GWh
2019-09-01,2019,9,Sep,Electricity Generation by Wind,Renewable,150.0, GWh
2019-09-01,2019,9,Sep,Electricity Generation by bagasse,Renewable,15.0, GWh
2019-10-01,2019,10,Oct,Electricity Generation by Coal,Fossil / Other,2356.9, GWh
2019-10-01,2019,10,Oct,Electricity Generation by Gas,Fossil / Other,1164.94, GWh
2019-10-01,2019,10,Oct,Electricity Generation by Mixed,Fossil / Other,13.07, GWh
2019-10-01,2019,10,Oct,Electricity Generation by Regasification Liquefied Natural Gas(RLNG),Fossil / Other,2432.73, GWh
2019-10-01,2019,10,Oct,Electricity Generation by Residual Fuel Oil (RFO),Fossil / Other,19.26, GWh
2019-10-01,2019,10,Oct,Electricity Generation by Nuclear,Nuclear,883.23, GWh
2019-10-01,2019,10,Oct,Electricity Generation by Hydel,Renewable,2438.8, GWh
2019-10-01,2019,10,Oct,Electricity Generation by Solar,Renewable,61.58, GWh
2019-10-01,2019,10,Oct,Electricity Generation by Wind,Renewable,153.05, GWh
2019-10-01,2019,10,Oct,Electricity Generation by bagasse,Renewable,5.43, GWh
2019-11-01,2019,11,Nov,Electricity Generation by Coal,Fossil / Other,2030.23, GWh
2019-11-01,2019,11,Nov,Electricity Generation by Gas,Fossil / Other,694.55, GWh
2019-11-01,2019,11,Nov,Electricity Generation by Mixed,Fossil / Other,14.16, GWh
2019-11-01,2019,11,Nov,Electricity Generation by Regasification Liquefied Natural Gas(RLNG),Fossil / Other,684.06, GWh
2019-11-01,2019,11,Nov,Electricity Generation by Residual Fuel Oil (RFO),Fossil / Other,2.0, GWh
2019-11-01,2019,11,Nov,Electricity Generation by Nuclear,Nuclear,858.43, GWh
2019-11-01,2019,11,Nov,Electricity Generation by Hydel,Renewable,2900.0, GWh
2019-11-01,2019,11,Nov,Electricity Generation by Solar,Renewable,49.18, GWh
2019-11-01,2019,11,Nov,Electricity Generation by Wind,Renewable,151.82, GWh
2019-11-01,2019,11,Nov,Electricity Generation by bagasse,Renewable,17.43, GWh
2019-12-01,2019,12,Dec,Electricity Generation by Coal,Fossil / Other,2171.05, GWh
2019-12-01,2019,12,Dec,Electricity Generation by Gas,Fossil / Other,1146.03, GWh
2019-12-01,2019,12,Dec,Electricity Generation by Mixed,Fossil / Other,2.81, GWh
2019-12-01,2019,12,Dec,Electricity Generation by Regasification Liquefied Natural Gas(RLNG),Fossil / Other,1134.85, GWh
2019-12-01,2019,12,Dec,Electricity Generation by Residual Fuel Oil (RFO),Fossil / Other,366.69, GWh
2019-12-01,2019,12,Dec,Electricity Generation by Nuclear,Nuclear,699.72, GWh
2019-12-01,2019,12,Dec,Electricity Generation by Hydel,Renewable,1723.29, GWh
2019-12-01,2019,12,Dec,Electricity Generation by Solar,Renewable,43.36, GWh
2019-12-01,2019,12,Dec,Electricity Generation by Wind,Renewable,145.6, GWh
2019-12-01,2019,12,Dec,Electricity Generation by bagasse,Renewable,90.91, GWh
2020-01-01,2020,1,Jan,Electricity Generation by Coal,Fossil / Other,2500.78, GWh
2020-01-01,2020,1,Jan,Electricity Generation by Gas,Fossil / Other,1653.58, GWh
2020-01-01,2020,1,Jan,Electricity Generation by Mixed,Fossil / Other,15.6, GWh
2020-01-01,2020,1,Jan,Electricity Generation by Regasification Liquefied Natural Gas(RLNG),Fossil / Other,957.82, GWh
2020-01-01,2020,1,Jan,Electricity Generation by Residual Fuel Oil (RFO),Fossil / Other,800.94, GWh
2020-01-01,2020,1,Jan,Electricity Generation by Nuclear,Nuclear,680.95, GWh
2020-01-01,2020,1,Jan,Electricity Generation by Hydel,Renewable,867.73, GWh
2020-01-01,2020,1,Jan,Electricity Generation by Solar,Renewable,44.84, GWh
2020-01-01,2020,1,Jan,Electricity Generation by Wind,Renewable,157.55, GWh
2020-01-01,2020,1,Jan,Electricity Generation by bagasse,Renewable,84.45, GWh
2020-02-01,2020,2,Feb,Electricity Generation by Coal,Fossil / Other,2087.0, GWh
2020-02-01,2020,2,Feb,Electricity Generation by Gas,Fossil / Other,919.0, GWh
2020-02-01,2020,2,Feb,Electricity Generation by Mixed,Fossil / Other,10.0, GWh
2020-02-01,2020,2,Feb,Electricity Generation by Regasification Liquefied Natural Gas(RLNG),Fossil / Other,593.0, GWh
2020-02-01,2020,2,Feb,Electricity Generation by Residual Fuel Oil (RFO),Fossil / Other,78.0, GWh
2020-02-01,2020,2,Feb,Electricity Generation by Nuclear,Nuclear,758.0, GWh
2020-02-01,2020,2,Feb,Electricity Generation by Hydel,Renewable,2258.0, GWh
2020-02-01,2020,2,Feb,Electricity Generation by Solar,Renewable,61.0, GWh
2020-02-01,2020,2,Feb,Electricity Generation by Wind,Renewable,105.0, GWh
2020-02-01,2020,2,Feb,Electricity Generation by bagasse,Renewable,100.0, GWh
2020-03-01,2020,3,Mar,Electricity Generation by Coal,Fossil / Other,2093.0, GWh
2020-03-01,2020,3,Mar,Electricity Generation by Gas,Fossil / Other,1182.0, GWh
2020-03-01,2020,3,Mar,Electricity Generation by Mixed,Fossil / Other,38.0, GWh
2020-03-01,2020,3,Mar,Electricity Generation by Regasification Liquefied Natural Gas(RLNG),Fossil / Other,993.0, GWh
2020-03-01,2020,3,Mar,Electricity Generation by Residual Fuel Oil (RFO),Fossil / Other,2.0, GWh
2020-03-01,2020,3,Mar,Electricity Generation by Nuclear,Nuclear,913.0, GWh
2020-03-01,2020,3,Mar,Electricity Generation by Hydel,Renewable,1407.0, GWh
2020-03-01,2020,3,Mar,Electricity Generation by Solar,Renewable,64.0, GWh
2020-03-01,2020,3,Mar,Electricity Generation by Wind,Renewable,107.0, GWh
2020-03-01,2020,3,Mar,Electricity Generation by bagasse,Renewable,78.0, GWh
2020-04-01,2020,4,Apr,Electricity Generation by Coal,Fossil / Other,1824.0, GWh
2020-04-01,2020,4,Apr,Electricity Generation by Gas,Fossil / Other,889.0, GWh
2020-04-01,2020,4,Apr,Electricity Generation by Mixed,Fossil / Other,10.0, GWh
2020-04-01,2020,4,Apr,Electricity Generation by Regasification Liquefied Natural Gas(RLNG),Fossil / Other,1874.0, GWh
2020-04-01,2020,4,Apr,Electricity Generation by Residual Fuel Oil (RFO),Fossil / Other,30.0, GWh
2020-04-01,2020,4,Apr,Electricity Generation by Nuclear,Nuclear,886.0, GWh
2020-04-01,2020,4,Apr,Electricity Generation by Hydel,Renewable,2482.0, GWh
2020-04-01,2020,4,Apr,Electricity Generation by Solar,Renewable,68.0, GWh
2020-04-01,2020,4,Apr,Electricity Generation by Wind,Renewable,232.0, GWh
2020-04-01,2020,4,Apr,Electricity Generation by bagasse,Renewable,53.0, GWh
2020-05-01,2020,5,May,Electricity Generation by Coal,Fossil / Other,2189.0, GWh
2020-05-01,2020,5,May,Electricity Generation by Gas,Fossil / Other,1014.0, GWh
2020-05-01,2020,5,May,Electricity Generation by Mixed,Fossil / Other,33.0, GWh
2020-05-01,2020,5,May,Electricity Generation by Regasification Liquefied Natural Gas(RLNG),Fossil / Other,2734.0, GWh
2020-05-01,2020,5,May,Electricity Generation by Residual Fuel Oil (RFO),Fossil / Other,130.0, GWh
2020-05-01,2020,5,May,Electricity Generation by Nuclear,Nuclear,915.0, GWh
2020-05-01,2020,5,May,Electricity Generation by Hydel,Renewable,4457.0, GWh
2020-05-01,2020,5,May,Electricity Generation by Solar,Renewable,67.0, GWh
2020-05-01,2020,5,May,Electricity Generation by Wind,Renewable,388.0, GWh
2020-05-01,2020,5,May,Electricity Generation by bagasse,Renewable,36.0, GWh
2020-06-01,2020,6,Jun,Electricity Generation by Coal,Fossil / Other,2156.0, GWh
2020-06-01,2020,6,Jun,Electricity Generation by Gas,Fossil / Other,1436.0, GWh
2020-06-01,2020,6,Jun,Electricity Generation by Mixed,Fossil / Other,4.0, GWh
2020-06-01,2020,6,Jun,Electricity Generation by Regasification Liquefied Natural Gas(RLNG),Fossil / Other,2826.0, GWh
2020-06-01,2020,6,Jun,Electricity Generation by Residual Fuel Oil (RFO),Fossil / Other,647.0, GWh
2020-06-01,2020,6,Jun,Electricity Generation by Nuclear,Nuclear,880.0, GWh
2020-06-01,2020,6,Jun,Electricity Generation by Hydel,Renewable,4817.0, GWh
2020-06-01,2020,6,Jun,Electricity Generation by Solar,Renewable,64.0, GWh
2020-06-01,2020,6,Jun,Electricity Generation by Wind,Renewable,374.0, GWh
2020-06-01,2020,6,Jun,Electricity Generation by bagasse,Renewable,31.0, GWh
2020-07-01,2020,7,Jul,Electricity Generation by Coal,Fossil / Other,2581.16, GWh
2020-07-01,2020,7,Jul,Electricity Generation by Gas,Fossil / Other,1478.88, GWh
2020-07-01,2020,7,Jul,Electricity Generation by High Speed Diesel (HSD),Fossil / Other,113.09, GWh
2020-07-01,2020,7,Jul,Electricity Generation by Mixed,Fossil / Other,30.03, GWh
2020-07-01,2020,7,Jul,Electricity Generation by Regasification Liquefied Natural Gas(RLNG),Fossil / Other,3032.69, GWh
2020-07-01,2020,7,Jul,Electricity Generation by Residual Fuel Oil (RFO),Fossil / Other,859.81, GWh
2020-07-01,2020,7,Jul,Electricity Generation by Nuclear,Nuclear,715.53, GWh
2020-07-01,2020,7,Jul,Electricity Generation by Hydel,Renewable,5406.99, GWh
2020-07-01,2020,7,Jul,Electricity Generation by Solar,Renewable,63.23, GWh
2020-07-01,2020,7,Jul,Electricity Generation by Wind,Renewable,344.46, GWh
2020-07-01,2020,7,Jul,Electricity Generation by bagasse,Renewable,34.96, GWh
2020-08-01,2020,8,Aug,Electricity Generation by Coal,Fossil / Other,2530.0, GWh
2020-08-01,2020,8,Aug,Electricity Generation by Gas,Fossil / Other,1402.45, GWh
2020-08-01,2020,8,Aug,Electricity Generation by High Speed Diesel (HSD),Fossil / Other,97.76, GWh
2020-08-01,2020,8,Aug,Electricity Generation by Mixed,Fossil / Other,20.26, GWh
2020-08-01,2020,8,Aug,Electricity Generation by Regasification Liquefied Natural Gas(RLNG),Fossil / Other,3058.0, GWh
2020-08-01,2020,8,Aug,Electricity Generation by Residual Fuel Oil (RFO),Fossil / Other,792.38, GWh
2020-08-01,2020,8,Aug,Electricity Generation by Nuclear,Nuclear,817.0, GWh
2020-08-01,2020,8,Aug,Electricity Generation by Hydel,Renewable,5469.55, GWh
2020-08-01,2020,8,Aug,Electricity Generation by Solar,Renewable,60.04, GWh
2020-08-01,2020,8,Aug,Electricity Generation by Wind,Renewable,310.13, GWh
2020-08-01,2020,8,Aug,Electricity Generation by bagasse,Renewable,20.04, GWh
2020-09-01,2020,9,Sep,Electricity Generation by Coal,Fossil / Other,2282.847425, GWh
2020-09-01,2020,9,Sep,Electricity Generation by Gas,Fossil / Other,1324.131278, GWh
2020-09-01,2020,9,Sep,Electricity Generation by High Speed Diesel (HSD),Fossil / Other,71.702078, GWh
2020-09-01,2020,9,Sep,Electricity Generation by Mixed,Fossil / Other,11.90246, GWh
2020-09-01,2020,9,Sep,Electricity Generation by Regasification Liquefied Natural Gas(RLNG),Fossil / Other,2804.558366, GWh
2020-09-01,2020,9,Sep,Electricity Generation by Residual Fuel Oil (RFO),Fossil / Other,762.420111, GWh
2020-09-01,2020,9,Sep,Electricity Generation by Nuclear,Nuclear,677.89, GWh
2020-09-01,2020,9,Sep,Electricity Generation by Hydel,Renewable,4871.459453, GWh
2020-09-01,2020,9,Sep,Electricity Generation by Solar,Renewable,61.745746, GWh
2020-09-01,2020,9,Sep,Electricity Generation by Wind,Renewable,175.09473, GWh
2020-09-01,2020,9,Sep,Electricity Generation by bagasse,Renewable,12.8873, GWh
2020-10-01,2020,10,Oct,Electricity Generation by Coal,Fossil / Other,1916.581, GWh
2020-10-01,2020,10,Oct,Electricity Generation by Gas,Fossil / Other,1145.326, GWh
2020-10-01,2020,10,Oct,Electricity Generation by High Speed Diesel (HSD),Fossil / Other,6.604, GWh
2020-10-01,2020,10,Oct,Electricity Generation by Mixed,Fossil / Other,134.082, GWh
2020-10-01,2020,10,Oct,Electricity Generation by Regasification Liquefied Natural Gas(RLNG),Fossil / Other,2851.04, GWh
2020-10-01,2020,10,Oct,Electricity Generation by Residual Fuel Oil (RFO),Fossil / Other,154.474, GWh
2020-10-01,2020,10,Oct,Electricity Generation by Nuclear,Nuclear,714.583, GWh
2020-10-01,2020,10,Oct,Electricity Generation by Hydel,Renewable,3174.153, GWh
2020-10-01,2020,10,Oct,Electricity Generation by Solar,Renewable,23.82, GWh
2020-10-01,2020,10,Oct,Electricity Generation by Wind,Renewable,60.641, GWh
2020-10-01,2020,10,Oct,Electricity Generation by bagasse,Renewable,22.135, GWh
2020-11-01,2020,11,Nov,Electricity Generation by Coal,Fossil / Other,1085.43, GWh
2020-11-01,2020,11,Nov,Electricity Generation by Gas,Fossil / Other,437.043, GWh
2020-11-01,2020,11,Nov,Electricity Generation by High Speed Diesel (HSD),Fossil / Other,0.0, GWh
2020-11-01,2020,11,Nov,Electricity Generation by Mixed,Fossil / Other,184.918, GWh
2020-11-01,2020,11,Nov,Electricity Generation by Regasification Liquefied Natural Gas(RLNG),Fossil / Other,1913.991, GWh
2020-11-01,2020,11,Nov,Electricity Generation by Residual Fuel Oil (RFO),Fossil / Other,27.772, GWh
2020-11-01,2020,11,Nov,Electricity Generation by Nuclear,Nuclear,663.299, GWh
2020-11-01,2020,11,Nov,Electricity Generation by Hydel,Renewable,2990.349, GWh
2020-11-01,2020,11,Nov,Electricity Generation by Solar,Renewable,26.128, GWh
2020-11-01,2020,11,Nov,Electricity Generation by Wind,Renewable,47.018, GWh
2020-11-01,2020,11,Nov,Electricity Generation by bagasse,Renewable,69.992, GWh
2020-12-01,2020,12,Dec,Electricity Generation by Coal,Fossil / Other,2296.889, GWh
2020-12-01,2020,12,Dec,Electricity Generation by Gas,Fossil / Other,1239.585, GWh
2020-12-01,2020,12,Dec,Electricity Generation by High Speed Diesel (HSD),Fossil / Other,0.0, GWh
2020-12-01,2020,12,Dec,Electricity Generation by Mixed,Fossil / Other,218.722, GWh
2020-12-01,2020,12,Dec,Electricity Generation by Regasification Liquefied Natural Gas(RLNG),Fossil / Other,1094.096, GWh
2020-12-01,2020,12,Dec,Electricity Generation by Residual Fuel Oil (RFO),Fossil / Other,293.922, GWh
2020-12-01,2020,12,Dec,Electricity Generation by Nuclear,Nuclear,741.459, GWh
2020-12-01,2020,12,Dec,Electricity Generation by Hydel,Renewable,1788.826, GWh
2020-12-01,2020,12,Dec,Electricity Generation by Solar,Renewable,20.003, GWh
2020-12-01,2020,12,Dec,Electricity Generation by Wind,Renewable,49.948, GWh
2020-12-01,2020,12,Dec,Electricity Generation by bagasse,Renewable,102.171, GWh
2021-01-01,2021,1,Jan,Electricity Generation by Coal,Fossil / Other,2559.5561, GWh
2021-01-01,2021,1,Jan,Electricity Generation by Gas,Fossil / Other,1333.801176, GWh
2021-01-01,2021,1,Jan,Electricity Generation by High Speed Diesel (HSD),Fossil / Other,46.203137, GWh
2021-01-01,2021,1,Jan,Electricity Generation by Mixed,Fossil / Other,1.063541, GWh
2021-01-01,2021,1,Jan,Electricity Generation by Regasification Liquefied Natural Gas(RLNG),Fossil / Other,916.418847, GWh
2021-01-01,2021,1,Jan,Electricity Generation by Residual Fuel Oil (RFO),Fossil / Other,974.031592, GWh
2021-01-01,2021,1,Jan,Electricity Generation by Nuclear,Nuclear,852.685, GWh
2021-01-01,2021,1,Jan,Electricity Generation by Hydel,Renewable,1067.03733, GWh
2021-01-01,2021,1,Jan,Electricity Generation by Solar,Renewable,47.92081, GWh
2021-01-01,2021,1,Jan,Electricity Generation by Wind,Renewable,152.568226, GWh
2021-01-01,2021,1,Jan,Electricity Generation by bagasse,Renewable,95.889919, GWh
2021-02-01,2021,2,Feb,Electricity Generation by Coal,Fossil / Other,1902.98, GWh
2021-02-01,2021,2,Feb,Electricity Generation by Gas,Fossil / Other,906.37, GWh
2021-02-01,2021,2,Feb,Electricity Generation by Mixed,Fossil / Other,98.111, GWh
2021-02-01,2021,2,Feb,Electricity Generation by Regasification Liquefied Natural Gas(RLNG),Fossil / Other,1271.041, GWh
2021-02-01,2021,2,Feb,Electricity Generation by Residual Fuel Oil (RFO),Fossil / Other,77.307, GWh
2021-02-01,2021,2,Feb,Electricity Generation by Nuclear,Nuclear,791.909, GWh
2021-02-01,2021,2,Feb,Electricity Generation by Hydel,Renewable,2033.93, GWh
2021-02-01,2021,2,Feb,Electricity Generation by Solar,Renewable,13.369, GWh
2021-02-01,2021,2,Feb,Electricity Generation by Wind,Renewable,57.059, GWh
2021-02-01,2021,2,Feb,Electricity Generation by bagasse,Renewable,99.274, GWh
2021-03-01,2021,3,Mar,Electricity Generation by Coal,Fossil / Other,2734.387, GWh
2021-03-01,2021,3,Mar,Electricity Generation by Gas,Fossil / Other,1036.221, GWh
2021-03-01,2021,3,Mar,Electricity Generation by Mixed,Fossil / Other,169.5198, GWh
2021-03-01,2021,3,Mar,Electricity Generation by Regasification Liquefied Natural Gas(RLNG),Fossil / Other,1892.774, GWh
2021-03-01,2021,3,Mar,Electricity Generation by Residual Fuel Oil (RFO),Fossil / Other,235.123, GWh
2021-03-01,2021,3,Mar,Electricity Generation by Nuclear,Nuclear,940.155, GWh
2021-03-01,2021,3,Mar,Electricity Generation by Hydel,Renewable,1740.579, GWh
2021-03-01,2021,3,Mar,Electricity Generation by Solar,Renewable,20.885, GWh
2021-03-01,2021,3,Mar,Electricity Generation by Wind,Renewable,86.37, GWh
2021-03-01,2021,3,Mar,Electricity Generation by bagasse,Renewable,90.082, GWh
2021-04-01,2021,4,Apr,Electricity Generation by Coal,Fossil / Other,2439.883, GWh
2021-04-01,2021,4,Apr,Electricity Generation by Gas,Fossil / Other,1277.923, GWh
2021-04-01,2021,4,Apr,Electricity Generation by High Speed Diesel (HSD),Fossil / Other,0.0, GWh
2021-04-01,2021,4,Apr,Electricity Generation by Mixed,Fossil / Other,22.735, GWh
2021-04-01,2021,4,Apr,Electricity Generation by Regasification Liquefied Natural Gas(RLNG),Fossil / Other,2571.554, GWh
2021-04-01,2021,4,Apr,Electricity Generation by Residual Fuel Oil (RFO),Fossil / Other,147.8507, GWh
2021-04-01,2021,4,Apr,Electricity Generation by Nuclear,Nuclear,1067.087, GWh
2021-04-01,2021,4,Apr,Electricity Generation by Hydel,Renewable,2572.581, GWh
2021-04-01,2021,4,Apr,Electricity Generation by Solar,Renewable,68.024, GWh
2021-04-01,2021,4,Apr,Electricity Generation by Wind,Renewable,197.301, GWh
2021-04-01,2021,4,Apr,Electricity Generation by bagasse,Renewable,71.182, GWh
2021-05-01,2021,5,May,Electricity Generation by Coal,Fossil / Other,2618.972, GWh
2021-05-01,2021,5,May,Electricity Generation by Gas,Fossil / Other,1454.391295, GWh
2021-05-01,2021,5,May,Electricity Generation by High Speed Diesel (HSD),Fossil / Other,20.319193, GWh
2021-05-01,2021,5,May,Electricity Generation by Mixed,Fossil / Other,16.387044, GWh
2021-05-01,2021,5,May,Electricity Generation by Regasification Liquefied Natural Gas(RLNG),Fossil / Other,2828.551746, GWh
2021-05-01,2021,5,May,Electricity Generation by Residual Fuel Oil (RFO),Fossil / Other,771.48986, GWh
2021-05-01,2021,5,May,Electricity Generation by Nuclear,Nuclear,1271.3465, GWh
2021-05-01,2021,5,May,Electricity Generation by Hydel,Renewable,3465.45727, GWh
2021-05-01,2021,5,May,Electricity Generation by Solar,Renewable,66.53917, GWh
2021-05-01,2021,5,May,Electricity Generation by Wind,Renewable,403.212039, GWh
2021-05-01,2021,5,May,Electricity Generation by bagasse,Renewable,45.4526, GWh
2021-06-01,2021,6,Jun,Electricity Generation by Coal,Fossil / Other,2589.7691, GWh
2021-06-01,2021,6,Jun,Electricity Generation by Gas,Fossil / Other,1303.84056, GWh
2021-06-01,2021,6,Jun,Electricity Generation by High Speed Diesel (HSD),Fossil / Other,61.34539, GWh
2021-06-01,2021,6,Jun,Electricity Generation by Mixed,Fossil / Other,10.210301, GWh
2021-06-01,2021,6,Jun,Electricity Generation by Regasification Liquefied Natural Gas(RLNG),Fossil / Other,2701.340793, GWh
2021-06-01,2021,6,Jun,Electricity Generation by Residual Fuel Oil (RFO),Fossil / Other,1174.199115, GWh
2021-06-01,2021,6,Jun,Electricity Generation by Nuclear,Nuclear,1618.0585, GWh
2021-06-01,2021,6,Jun,Electricity Generation by Hydel,Renewable,4222.147285, GWh
2021-06-01,2021,6,Jun,Electricity Generation by Solar,Renewable,63.09401, GWh
2021-06-01,2021,6,Jun,Electricity Generation by Wind,Renewable,510.75539, GWh
2021-06-01,2021,6,Jun,Electricity Generation by bagasse,Renewable,56.45481, GWh
2021-07-01,2021,7,Jul,Electricity Generation by Coal,Fossil / Other,2383.3276, GWh
2021-07-01,2021,7,Jul,Electricity Generation by Gas,Fossil / Other,1361.171911, GWh
2021-07-01,2021,7,Jul,Electricity Generation by High Speed Diesel (HSD),Fossil / Other,123.488094, GWh
2021-07-01,2021,7,Jul,Electricity Generation by Mixed,Fossil / Other,9.861874, GWh
2021-07-01,2021,7,Jul,Electricity Generation by Regasification Liquefied Natural Gas(RLNG),Fossil / Other,3137.679332, GWh
2021-07-01,2021,7,Jul,Electricity Generation by Residual Fuel Oil (RFO),Fossil / Other,1612.343217, GWh
2021-07-01,2021,7,Jul,Electricity Generation by Nuclear,Nuclear,1659.851, GWh
2021-07-01,2021,7,Jul,Electricity Generation by Hydel,Renewable,4694.66222, GWh
2021-07-01,2021,7,Jul,Electricity Generation by Solar,Renewable,61.81996, GWh
2021-07-01,2021,7,Jul,Electricity Generation by Wind,Renewable,550.374408, GWh
2021-07-01,2021,7,Jul,Electricity Generation by bagasse,Renewable,45.01828, GWh
2021-08-01,2021,8,Aug,Electricity Generation by Coal,Fossil / Other,2293.825, GWh
2021-08-01,2021,8,Aug,Electricity Generation by Gas,Fossil / Other,1313.211, GWh
2021-08-01,2021,8,Aug,Electricity Generation by High Speed Diesel (HSD),Fossil / Other,19.84, GWh
2021-08-01,2021,8,Aug,Electricity Generation by Mixed,Fossil / Other,16.977, GWh
2021-08-01,2021,8,Aug,Electricity Generation by Regasification Liquefied Natural Gas(RLNG),Fossil / Other,2895.923, GWh
2021-08-01,2021,8,Aug,Electricity Generation by Residual Fuel Oil (RFO),Fossil / Other,1627.559, GWh
2021-08-01,2021,8,Aug,Electricity Generation by Nuclear,Nuclear,1630.186, GWh
2021-08-01,2021,8,Aug,Electricity Generation by Hydel,Renewable,5594.298, GWh
2021-08-01,2021,8,Aug,Electricity Generation by Solar,Renewable,67.005, GWh
2021-08-01,2021,8,Aug,Electricity Generation by Wind,Renewable,549.952, GWh
2021-08-01,2021,8,Aug,Electricity Generation by bagasse,Renewable,24.059, GWh
2021-09-01,2021,9,Sep,Electricity Generation by Coal,Fossil / Other,2382.517, GWh
2021-09-01,2021,9,Sep,Electricity Generation by Gas,Fossil / Other,1248.277, GWh
2021-09-01,2021,9,Sep,Electricity Generation by High Speed Diesel (HSD),Fossil / Other,23.42, GWh
2021-09-01,2021,9,Sep,Electricity Generation by Mixed,Fossil / Other,18.181, GWh
2021-09-01,2021,9,Sep,Electricity Generation by Regasification Liquefied Natural Gas(RLNG),Fossil / Other,2651.951, GWh
2021-09-01,2021,9,Sep,Electricity Generation by Residual Fuel Oil (RFO),Fossil / Other,997.438, GWh
2021-09-01,2021,9,Sep,Electricity Generation by Nuclear,Nuclear,1261.796, GWh
2021-09-01,2021,9,Sep,Electricity Generation by Hydel,Renewable,5085.479, GWh
2021-09-01,2021,9,Sep,Electricity Generation by Solar,Renewable,60.754, GWh
2021-09-01,2021,9,Sep,Electricity Generation by Wind,Renewable,230.399, GWh
2021-09-01,2021,9,Sep,Electricity Generation by bagasse,Renewable,18.479, GWh
2021-10-01,2021,10,Oct,Electricity Generation by Coal,Fossil / Other,1885.7801, GWh
2021-10-01,2021,10,Oct,Electricity Generation by Gas,Fossil / Other,1092.745966, GWh
2021-10-01,2021,10,Oct,Electricity Generation by High Speed Diesel (HSD),Fossil / Other,57.096242, GWh
2021-10-01,2021,10,Oct,Electricity Generation by Mixed,Fossil / Other,11.870853, GWh
2021-10-01,2021,10,Oct,Electricity Generation by Regasification Liquefied Natural Gas(RLNG),Fossil / Other,2703.375079, GWh
2021-10-01,2021,10,Oct,Electricity Generation by Residual Fuel Oil (RFO),Fossil / Other,1228.658849, GWh
2021-10-01,2021,10,Oct,Electricity Generation by Nuclear,Nuclear,1392.916, GWh
2021-10-01,2021,10,Oct,Electricity Generation by Hydel,Renewable,2627.246562, GWh
2021-10-01,2021,10,Oct,Electricity Generation by Solar,Renewable,63.16523, GWh
2021-10-01,2021,10,Oct,Electricity Generation by Wind,Renewable,184.817298, GWh
2021-10-01,2021,10,Oct,Electricity Generation by bagasse,Renewable,7.139192, GWh
2021-11-01,2021,11,Nov,Electricity Generation by Coal,Fossil / Other,1379.121, GWh
2021-11-01,2021,11,Nov,Electricity Generation by Gas,Fossil / Other,1093.163, GWh
2021-11-01,2021,11,Nov,Electricity Generation by High Speed Diesel (HSD),Fossil / Other,24.99, GWh
2021-11-01,2021,11,Nov,Electricity Generation by Mixed,Fossil / Other,11.835, GWh
2021-11-01,2021,11,Nov,Electricity Generation by Regasification Liquefied Natural Gas(RLNG),Fossil / Other,1208.697, GWh
2021-11-01,2021,11,Nov,Electricity Generation by Residual Fuel Oil (RFO),Fossil / Other,145.401, GWh
2021-11-01,2021,11,Nov,Electricity Generation by Nuclear,Nuclear,1485.186, GWh
2021-11-01,2021,11,Nov,Electricity Generation by Hydel,Renewable,2816.493, GWh
2021-11-01,2021,11,Nov,Electricity Generation by Solar,Renewable,50.615, GWh
2021-11-01,2021,11,Nov,Electricity Generation by Wind,Renewable,175.19, GWh
2021-11-01,2021,11,Nov,Electricity Generation by bagasse,Renewable,54.335, GWh
2021-12-01,2021,12,Dec,Electricity Generation by Coal,Fossil / Other,2103.648, GWh
2021-12-01,2021,12,Dec,Electricity Generation by Gas,Fossil / Other,1215.569, GWh
2021-12-01,2021,12,Dec,Electricity Generation by High Speed Diesel (HSD),Fossil / Other,238.57, GWh
2021-12-01,2021,12,Dec,Electricity Generation by Mixed,Fossil / Other,7.87, GWh
2021-12-01,2021,12,Dec,Electricity Generation by Regasification Liquefied Natural Gas(RLNG),Fossil / Other,1191.79, GWh
2021-12-01,2021,12,Dec,Electricity Generation by Residual Fuel Oil (RFO),Fossil / Other,353.259, GWh
2021-12-01,2021,12,Dec,Electricity Generation by Nuclear,Nuclear,1549.06, GWh
2021-12-01,2021,12,Dec,Electricity Generation by Hydel,Renewable,1768.836, GWh
2021-12-01,2021,12,Dec,Electricity Generation by Solar,Renewable,45.179, GWh
2021-12-01,2021,12,Dec,Electricity Generation by Wind,Renewable,210.078, GWh
2021-12-01,2021,12,Dec,Electricity Generation by bagasse,Renewable,94.725, GWh
2022-01-01,2022,1,Jan,Electricity Generation by Coal,Fossil / Other,2916.697, GWh
2022-01-01,2022,1,Jan,Electricity Generation by Gas,Fossil / Other,1264.361, GWh
2022-01-01,2022,1,Jan,Electricity Generation by High Speed Diesel (HSD),Fossil / Other,592.077, GWh
2022-01-01,2022,1,Jan,Electricity Generation by Mixed,Fossil / Other,2.295, GWh
2022-01-01,2022,1,Jan,Electricity Generation by Regasification Liquefied Natural Gas(RLNG),Fossil / Other,626.077, GWh
2022-01-01,2022,1,Jan,Electricity Generation by Residual Fuel Oil (RFO),Fossil / Other,1238.106, GWh
2022-01-01,2022,1,Jan,Electricity Generation by Nuclear,Nuclear,1264.361, GWh
2022-01-01,2022,1,Jan,Electricity Generation by Hydel,Renewable,512.937, GWh
2022-01-01,2022,1,Jan,Electricity Generation by Solar,Renewable,46.58, GWh
2022-01-01,2022,1,Jan,Electricity Generation by Wind,Renewable,194.684, GWh
2022-01-01,2022,1,Jan,Electricity Generation by bagasse,Renewable,107.133, GWh
2022-02-01,2022,2,Feb,Electricity Generation by Coal,Fossil / Other,2563.872, GWh
2022-02-01,2022,2,Feb,Electricity Generation by Gas,Fossil / Other,918.396, GWh
2022-02-01,2022,2,Feb,Electricity Generation by Mixed,Fossil / Other,10.148, GWh
2022-02-01,2022,2,Feb,Electricity Generation by Regasification Liquefied Natural Gas(RLNG),Fossil / Other,1226.007, GWh
2022-02-01,2022,2,Feb,Electricity Generation by Residual Fuel Oil (RFO),Fossil / Other,526.728, GWh
2022-02-01,2022,2,Feb,Electricity Generation by Nuclear,Nuclear,1013.255, GWh
2022-02-01,2022,2,Feb,Electricity Generation by Hydel,Renewable,1473.761, GWh
2022-02-01,2022,2,Feb,Electricity Generation by Solar,Renewable,58.124, GWh
2022-02-01,2022,2,Feb,Electricity Generation by Wind,Renewable,165.07, GWh
2022-02-01,2022,2,Feb,Electricity Generation by bagasse,Renewable,98.665, GWh
2022-03-01,2022,3,Mar,Electricity Generation by Coal,Fossil / Other,2586.623, GWh
2022-03-01,2022,3,Mar,Electricity Generation by Gas,Fossil / Other,992.723, GWh
2022-03-01,2022,3,Mar,Electricity Generation by Mixed,Fossil / Other,13.215, GWh
2022-03-01,2022,3,Mar,Electricity Generation by Regasification Liquefied Natural Gas(RLNG),Fossil / Other,1965.683, GWh
2022-03-01,2022,3,Mar,Electricity Generation by Residual Fuel Oil (RFO),Fossil / Other,1106.194, GWh
2022-03-01,2022,3,Mar,Electricity Generation by Nuclear,Nuclear,1563.663, GWh
2022-03-01,2022,3,Mar,Electricity Generation by Hydel,Renewable,1703.912, GWh
2022-03-01,2022,3,Mar,Electricity Generation by Solar,Renewable,68.731, GWh
2022-03-01,2022,3,Mar,Electricity Generation by Wind,Renewable,267.922, GWh
2022-03-01,2022,3,Mar,Electricity Generation by bagasse,Renewable,107.005, GWh
2022-04-01,2022,4,Apr,Electricity Generation by Coal,Fossil / Other,2168.9, GWh
2022-04-01,2022,4,Apr,Electricity Generation by Gas,Fossil / Other,1276.6, GWh
2022-04-01,2022,4,Apr,Electricity Generation by High Speed Diesel (HSD),Fossil / Other,58.5, GWh
2022-04-01,2022,4,Apr,Electricity Generation by Mixed,Fossil / Other,9.4, GWh
2022-04-01,2022,4,Apr,Electricity Generation by Regasification Liquefied Natural Gas(RLNG),Fossil / Other,2516.8, GWh
2022-04-01,2022,4,Apr,Electricity Generation by Residual Fuel Oil (RFO),Fossil / Other,1564.1, GWh
2022-04-01,2022,4,Apr,Electricity Generation by Nuclear,Nuclear,2251.2, GWh
2022-04-01,2022,4,Apr,Electricity Generation by Hydel,Renewable,2404.4, GWh
2022-04-01,2022,4,Apr,Electricity Generation by Solar,Renewable,87.3, GWh
2022-04-01,2022,4,Apr,Electricity Generation by Wind,Renewable,464.8, GWh
2022-04-01,2022,4,Apr,Electricity Generation by bagasse,Renewable,106.5, GWh
2022-05-01,2022,5,May,Electricity Generation by Coal,Fossil / Other,2018.5, GWh
2022-05-01,2022,5,May,Electricity Generation by Gas,Fossil / Other,1464.6, GWh
2022-05-01,2022,5,May,Electricity Generation by High Speed Diesel (HSD),Fossil / Other,28.5, GWh
2022-05-01,2022,5,May,Electricity Generation by Mixed,Fossil / Other,16.8, GWh
2022-05-01,2022,5,May,Electricity Generation by Regasification Liquefied Natural Gas(RLNG),Fossil / Other,3355.2, GWh
2022-05-01,2022,5,May,Electricity Generation by Residual Fuel Oil (RFO),Fossil / Other,1290.3, GWh
2022-05-01,2022,5,May,Electricity Generation by Nuclear,Nuclear,1890.4, GWh
2022-05-01,2022,5,May,Electricity Generation by Hydel,Renewable,3590.8, GWh
2022-05-01,2022,5,May,Electricity Generation by Solar,Renewable,89.9, GWh
2022-05-01,2022,5,May,Electricity Generation by Wind,Renewable,779.1, GWh
2022-05-01,2022,5,May,Electricity Generation by bagasse,Renewable,78.3, GWh
2022-06-01,2022,6,Jun,Electricity Generation by Coal,Fossil / Other,1883.1, GWh
2022-06-01,2022,6,Jun,Electricity Generation by Gas,Fossil / Other,1479.3, GWh
2022-06-01,2022,6,Jun,Electricity Generation by High Speed Diesel (HSD),Fossil / Other,0.0, GWh
2022-06-01,2022,6,Jun,Electricity Generation by Mixed,Fossil / Other,9.9, GWh
2022-06-01,2022,6,Jun,Electricity Generation by Regasification Liquefied Natural Gas(RLNG),Fossil / Other,3390.5, GWh
2022-06-01,2022,6,Jun,Electricity Generation by Residual Fuel Oil (RFO),Fossil / Other,1454.0, GWh
2022-06-01,2022,6,Jun,Electricity Generation by Nuclear,Nuclear,1265.7, GWh
2022-06-01,2022,6,Jun,Electricity Generation by Hydel,Renewable,3361.2, GWh
2022-06-01,2022,6,Jun,Electricity Generation by Solar,Renewable,86.3, GWh
2022-06-01,2022,6,Jun,Electricity Generation by Wind,Renewable,811.6, GWh
2022-06-01,2022,6,Jun,Electricity Generation by bagasse,Renewable,83.0, GWh
2022-07-01,2022,7,Jul,Electricity Generation by Coal,Fossil / Other,1802.2, GWh
2022-07-01,2022,7,Jul,Electricity Generation by Gas,Fossil / Other,1466.4, GWh
2022-07-01,2022,7,Jul,Electricity Generation by High Speed Diesel (HSD),Fossil / Other,206.0, GWh
2022-07-01,2022,7,Jul,Electricity Generation by Mixed,Fossil / Other,16.9, GWh
2022-07-01,2022,7,Jul,Electricity Generation by Regasification Liquefied Natural Gas(RLNG),Fossil / Other,2119.6, GWh
2022-07-01,2022,7,Jul,Electricity Generation by Residual Fuel Oil (RFO),Fossil / Other,876.9, GWh
2022-07-01,2022,7,Jul,Electricity Generation by Nuclear,Nuclear,2009.5, GWh
2022-07-01,2022,7,Jul,Electricity Generation by Hydel,Renewable,4976.9, GWh
2022-07-01,2022,7,Jul,Electricity Generation by Solar,Renewable,70.8, GWh
2022-07-01,2022,7,Jul,Electricity Generation by Wind,Renewable,518.5, GWh
2022-07-01,2022,7,Jul,Electricity Generation by bagasse,Renewable,40.6, GWh
2022-08-01,2022,8,Aug,Electricity Generation by Coal,Fossil / Other,2163.0, GWh
2022-08-01,2022,8,Aug,Electricity Generation by Gas,Fossil / Other,1315.2, GWh
2022-08-01,2022,8,Aug,Electricity Generation by High Speed Diesel (HSD),Fossil / Other,0.0, GWh
2022-08-01,2022,8,Aug,Electricity Generation by Mixed,Fossil / Other,17.8, GWh
2022-08-01,2022,8,Aug,Electricity Generation by Regasification Liquefied Natural Gas(RLNG),Fossil / Other,1755.8, GWh
2022-08-01,2022,8,Aug,Electricity Generation by Residual Fuel Oil (RFO),Fossil / Other,1021.4, GWh
2022-08-01,2022,8,Aug,Electricity Generation by Nuclear,Nuclear,1874.0, GWh
2022-08-01,2022,8,Aug,Electricity Generation by Hydel,Renewable,5353.7, GWh
2022-08-01,2022,8,Aug,Electricity Generation by Solar,Renewable,73.4, GWh
2022-08-01,2022,8,Aug,Electricity Generation by Wind,Renewable,390.7, GWh
2022-08-01,2022,8,Aug,Electricity Generation by bagasse,Renewable,33.1, GWh
2022-09-01,2022,9,Sep,Electricity Generation by Coal,Fossil / Other,1449.2, GWh
2022-09-01,2022,9,Sep,Electricity Generation by Gas,Fossil / Other,1205.5, GWh
2022-09-01,2022,9,Sep,Electricity Generation by High Speed Diesel (HSD),Fossil / Other,0.0, GWh
2022-09-01,2022,9,Sep,Electricity Generation by Mixed,Fossil / Other,15.9, GWh
2022-09-01,2022,9,Sep,Electricity Generation by Regasification Liquefied Natural Gas(RLNG),Fossil / Other,1821.2, GWh
2022-09-01,2022,9,Sep,Electricity Generation by Residual Fuel Oil (RFO),Fossil / Other,1080.5, GWh
2022-09-01,2022,9,Sep,Electricity Generation by Nuclear,Nuclear,2265.5, GWh
2022-09-01,2022,9,Sep,Electricity Generation by Hydel,Renewable,4403.8, GWh
2022-09-01,2022,9,Sep,Electricity Generation by Solar,Renewable,81.7, GWh
2022-09-01,2022,9,Sep,Electricity Generation by Wind,Renewable,466.9, GWh
2022-09-01,2022,9,Sep,Electricity Generation by bagasse,Renewable,34.0, GWh
2022-10-01,2022,10,Oct,Electricity Generation by Coal,Fossil / Other,1656.5, GWh
2022-10-01,2022,10,Oct,Electricity Generation by Gas,Fossil / Other,1296.4, GWh
2022-10-01,2022,10,Oct,Electricity Generation by High Speed Diesel (HSD),Fossil / Other,0.0, GWh
2022-10-01,2022,10,Oct,Electricity Generation by Mixed,Fossil / Other,14.8, GWh
2022-10-01,2022,10,Oct,Electricity Generation by Regasification Liquefied Natural Gas(RLNG),Fossil / Other,1843.7, GWh
2022-10-01,2022,10,Oct,Electricity Generation by Residual Fuel Oil (RFO),Fossil / Other,156.6, GWh
2022-10-01,2022,10,Oct,Electricity Generation by Nuclear,Nuclear,2206.3, GWh
2022-10-01,2022,10,Oct,Electricity Generation by Hydel,Renewable,3143.6, GWh
2022-10-01,2022,10,Oct,Electricity Generation by Solar,Renewable,79.1, GWh
2022-10-01,2022,10,Oct,Electricity Generation by Wind,Renewable,222.4, GWh
2022-10-01,2022,10,Oct,Electricity Generation by bagasse,Renewable,37.8, GWh
2022-11-01,2022,11,Nov,Electricity Generation by Coal,Fossil / Other,975.0, GWh
2022-11-01,2022,11,Nov,Electricity Generation by Gas,Fossil / Other,1189.0, GWh
2022-11-01,2022,11,Nov,Electricity Generation by High Speed Diesel (HSD),Fossil / Other,0.0, GWh
2022-11-01,2022,11,Nov,Electricity Generation by Mixed,Fossil / Other,7.0, GWh
2022-11-01,2022,11,Nov,Electricity Generation by Regasification Liquefied Natural Gas(RLNG),Fossil / Other,1012.0, GWh
2022-11-01,2022,11,Nov,Electricity Generation by Residual Fuel Oil (RFO),Fossil / Other,11.0, GWh
2022-11-01,2022,11,Nov,Electricity Generation by Nuclear,Nuclear,2338.0, GWh
2022-11-01,2022,11,Nov,Electricity Generation by Hydel,Renewable,2484.0, GWh
2022-11-01,2022,11,Nov,Electricity Generation by Solar,Renewable,79.0, GWh
2022-11-01,2022,11,Nov,Electricity Generation by Wind,Renewable,158.0, GWh
2022-11-01,2022,11,Nov,Electricity Generation by bagasse,Renewable,70.0, GWh
2022-12-01,2022,12,Dec,Electricity Generation by Coal,Fossil / Other,1520.9, GWh
2022-12-01,2022,12,Dec,Electricity Generation by Gas,Fossil / Other,1273.8, GWh
2022-12-01,2022,12,Dec,Electricity Generation by High Speed Diesel (HSD),Fossil / Other,0.0, GWh
2022-12-01,2022,12,Dec,Electricity Generation by Mixed,Fossil / Other,2.18, GWh
2022-12-01,2022,12,Dec,Electricity Generation by Regasification Liquefied Natural Gas(RLNG),Fossil / Other,1153.7, GWh
2022-12-01,2022,12,Dec,Electricity Generation by Residual Fuel Oil (RFO),Fossil / Other,38.91, GWh
2022-12-01,2022,12,Dec,Electricity Generation by Nuclear,Nuclear,2284.86, GWh
2022-12-01,2022,12,Dec,Electricity Generation by Hydel,Renewable,1720.4, GWh
2022-12-01,2022,12,Dec,Electricity Generation by Solar,Renewable,69.46, GWh
2022-12-01,2022,12,Dec,Electricity Generation by Wind,Renewable,211.57, GWh
2022-12-01,2022,12,Dec,Electricity Generation by bagasse,Renewable,101.09, GWh
2023-01-01,2023,1,Jan,Electricity Generation by Coal,Fossil / Other,2443.77, GWh
2023-01-01,2023,1,Jan,Electricity Generation by Gas,Fossil / Other,1145.89, GWh
2023-01-01,2023,1,Jan,Electricity Generation by High Speed Diesel (HSD),Fossil / Other,0.0, GWh
2023-01-01,2023,1,Jan,Electricity Generation by Mixed,Fossil / Other,2.15, GWh
2023-01-01,2023,1,Jan,Electricity Generation by Regasification Liquefied Natural Gas(RLNG),Fossil / Other,1285.79, GWh
2023-01-01,2023,1,Jan,Electricity Generation by Residual Fuel Oil (RFO),Fossil / Other,463.32, GWh
2023-01-01,2023,1,Jan,Electricity Generation by Nuclear,Nuclear,1875.65, GWh
2023-01-01,2023,1,Jan,Electricity Generation by Hydel,Renewable,800.33, GWh
2023-01-01,2023,1,Jan,Electricity Generation by Solar,Renewable,72.16, GWh
2023-01-01,2023,1,Jan,Electricity Generation by Wind,Renewable,287.21, GWh
2023-01-01,2023,1,Jan,Electricity Generation by bagasse,Renewable,101.44, GWh
2023-02-01,2023,2,Feb,Electricity Generation by Coal,Fossil / Other,1091.14, GWh
2023-02-01,2023,2,Feb,Electricity Generation by Gas,Fossil / Other,849.61, GWh
2023-02-01,2023,2,Feb,Electricity Generation by High Speed Diesel (HSD),Fossil / Other,0.0, GWh
2023-02-01,2023,2,Feb,Electricity Generation by Mixed,Fossil / Other,1.873, GWh
2023-02-01,2023,2,Feb,Electricity Generation by Regasification Liquefied Natural Gas(RLNG),Fossil / Other,1462.357, GWh
2023-02-01,2023,2,Feb,Electricity Generation by Residual Fuel Oil (RFO),Fossil / Other,107.774, GWh
2023-02-01,2023,2,Feb,Electricity Generation by Nuclear,Nuclear,1883.091, GWh
2023-02-01,2023,2,Feb,Electricity Generation by Hydel,Renewable,2052.158, GWh
2023-02-01,2023,2,Feb,Electricity Generation by Solar,Renewable,82.26, GWh
2023-02-01,2023,2,Feb,Electricity Generation by Wind,Renewable,92.202, GWh
2023-02-01,2023,2,Feb,Electricity Generation by bagasse,Renewable,100.117, GWh
2023-03-01,2023,3,Mar,Electricity Generation by Coal,Fossil / Other,1333.514, GWh
2023-03-01,2023,3,Mar,Electricity Generation by Gas,Fossil / Other,1107.011, GWh
2023-03-01,2023,3,Mar,Electricity Generation by High Speed Diesel (HSD),Fossil / Other,0.0, GWh
2023-03-01,2023,3,Mar,Electricity Generation by Mixed,Fossil / Other,3.562, GWh
2023-03-01,2023,3,Mar,Electricity Generation by Regasification Liquefied Natural Gas(RLNG),Fossil / Other,1784.592, GWh
2023-03-01,2023,3,Mar,Electricity Generation by Residual Fuel Oil (RFO),Fossil / Other,40.526, GWh
2023-03-01,2023,3,Mar,Electricity Generation by Nuclear,Nuclear,2002.007, GWh
2023-03-01,2023,3,Mar,Electricity Generation by Hydel,Renewable,2001.612, GWh
2023-03-01,2023,3,Mar,Electricity Generation by Solar,Renewable,110.729, GWh
2023-03-01,2023,3,Mar,Electricity Generation by Wind,Renewable,221.327, GWh
2023-03-01,2023,3,Mar,Electricity Generation by bagasse,Renewable,104.859, GWh
2023-04-01,2023,4,Apr,Electricity Generation by Coal,Fossil / Other,1818.513, GWh
2023-04-01,2023,4,Apr,Electricity Generation by Gas,Fossil / Other,1189.438, GWh
2023-04-01,2023,4,Apr,Electricity Generation by High Speed Diesel (HSD),Fossil / Other,0.0, GWh
2023-04-01,2023,4,Apr,Electricity Generation by Mixed,Fossil / Other,13.349, GWh
2023-04-01,2023,4,Apr,Electricity Generation by Regasification Liquefied Natural Gas(RLNG),Fossil / Other,2417.747, GWh
2023-04-01,2023,4,Apr,Electricity Generation by Residual Fuel Oil (RFO),Fossil / Other,222.598, GWh
2023-04-01,2023,4,Apr,Electricity Generation by Nuclear,Nuclear,1916.067, GWh
2023-04-01,2023,4,Apr,Electricity Generation by Hydel,Renewable,1872.236, GWh
2023-04-01,2023,4,Apr,Electricity Generation by Solar,Renewable,125.798, GWh
2023-04-01,2023,4,Apr,Electricity Generation by Wind,Renewable,322.925, GWh
2023-04-01,2023,4,Apr,Electricity Generation by bagasse,Renewable,81.168, GWh
2023-05-01,2023,5,May,Electricity Generation by Coal,Fossil / Other,2061.3, GWh
2023-05-01,2023,5,May,Electricity Generation by Gas,Fossil / Other,1270.9, GWh
2023-05-01,2023,5,May,Electricity Generation by High Speed Diesel (HSD),Fossil / Other,0.0, GWh
2023-05-01,2023,5,May,Electricity Generation by Mixed,Fossil / Other,27.66, GWh
2023-05-01,2023,5,May,Electricity Generation by Regasification Liquefied Natural Gas(RLNG),Fossil / Other,2988.05, GWh
2023-05-01,2023,5,May,Electricity Generation by Residual Fuel Oil (RFO),Fossil / Other,240.97, GWh
2023-05-01,2023,5,May,Electricity Generation by Nuclear,Nuclear,1542.59, GWh
2023-05-01,2023,5,May,Electricity Generation by Hydel,Renewable,3312.2, GWh
2023-05-01,2023,5,May,Electricity Generation by Solar,Renewable,124.06, GWh
2023-05-01,2023,5,May,Electricity Generation by Wind,Renewable,606.58, GWh
2023-05-01,2023,5,May,Electricity Generation by bagasse,Renewable,74.87, GWh
2023-06-01,2023,6,Jun,Electricity Generation by Coal,Fossil / Other,2434.43, GWh
2023-06-01,2023,6,Jun,Electricity Generation by Gas,Fossil / Other,1170.93, GWh
2023-06-01,2023,6,Jun,Electricity Generation by High Speed Diesel (HSD),Fossil / Other,10.24, GWh
2023-06-01,2023,6,Jun,Electricity Generation by Mixed,Fossil / Other,27.07, GWh
2023-06-01,2023,6,Jun,Electricity Generation by Regasification Liquefied Natural Gas(RLNG),Fossil / Other,2543.86, GWh
2023-06-01,2023,6,Jun,Electricity Generation by Residual Fuel Oil (RFO),Fossil / Other,744.42, GWh
2023-06-01,2023,6,Jun,Electricity Generation by Nuclear,Nuclear,1857.11, GWh
2023-06-01,2023,6,Jun,Electricity Generation by Hydel,Renewable,4133.45, GWh
2023-06-01,2023,6,Jun,Electricity Generation by Solar,Renewable,105.06, GWh
2023-06-01,2023,6,Jun,Electricity Generation by Wind,Renewable,597.44, GWh
2023-06-01,2023,6,Jun,Electricity Generation by bagasse,Renewable,66.49, GWh
2023-07-01,2023,7,Jul,Electricity Generation by Coal,Fossil / Other,2179.89, GWh
2023-07-01,2023,7,Jul,Electricity Generation by Gas,Fossil / Other,1128.72, GWh
2023-07-01,2023,7,Jul,Electricity Generation by High Speed Diesel (HSD),Fossil / Other,0.0, GWh
2023-07-01,2023,7,Jul,Electricity Generation by Mixed,Fossil / Other,0.0, GWh
2023-07-01,2023,7,Jul,Electricity Generation by Regasification Liquefied Natural Gas(RLNG),Fossil / Other,2918.09, GWh
2023-07-01,2023,7,Jul,Electricity Generation by Residual Fuel Oil (RFO),Fossil / Other,294.55, GWh
2023-07-01,2023,7,Jul,Electricity Generation by Nuclear,Nuclear,2106.93, GWh
2023-07-01,2023,7,Jul,Electricity Generation by Hydel,Renewable,5517.77, GWh
2023-07-01,2023,7,Jul,Electricity Generation by Solar,Renewable,75.19, GWh
2023-07-01,2023,7,Jul,Electricity Generation by Wind,Renewable,548.76, GWh
2023-07-01,2023,7,Jul,Electricity Generation by bagasse,Renewable,39.97, GWh
2023-08-01,2023,8,Aug,Electricity Generation by Coal,Fossil / Other,2357.23, GWh
2023-08-01,2023,8,Aug,Electricity Generation by Gas,Fossil / Other,1213.61, GWh
2023-08-01,2023,8,Aug,Electricity Generation by High Speed Diesel (HSD),Fossil / Other,0.0, GWh
2023-08-01,2023,8,Aug,Electricity Generation by Mixed,Fossil / Other,0.0, GWh
2023-08-01,2023,8,Aug,Electricity Generation by Regasification Liquefied Natural Gas(RLNG),Fossil / Other,2740.59, GWh
2023-08-01,2023,8,Aug,Electricity Generation by Residual Fuel Oil (RFO),Fossil / Other,649.164, GWh
2023-08-01,2023,8,Aug,Electricity Generation by Nuclear,Nuclear,2040.45, GWh
2023-08-01,2023,8,Aug,Electricity Generation by Hydel,Renewable,6005.5, GWh
2023-08-01,2023,8,Aug,Electricity Generation by Solar,Renewable,84.071, GWh
2023-08-01,2023,8,Aug,Electricity Generation by Wind,Renewable,804.706, GWh
2023-08-01,2023,8,Aug,Electricity Generation by bagasse,Renewable,37.756, GWh
2023-09-01,2023,9,Sep,Electricity Generation by Coal,Fossil / Other,2122.866, GWh
2023-09-01,2023,9,Sep,Electricity Generation by Gas,Fossil / Other,1005.294, GWh
2023-09-01,2023,9,Sep,Electricity Generation by High Speed Diesel (HSD),Fossil / Other,0.0, GWh
2023-09-01,2023,9,Sep,Electricity Generation by Mixed,Fossil / Other,0.0, GWh
2023-09-01,2023,9,Sep,Electricity Generation by Regasification Liquefied Natural Gas(RLNG),Fossil / Other,2127.804, GWh
2023-09-01,2023,9,Sep,Electricity Generation by Residual Fuel Oil (RFO),Fossil / Other,240.612, GWh
2023-09-01,2023,9,Sep,Electricity Generation by Nuclear,Nuclear,2286.35, GWh
2023-09-01,2023,9,Sep,Electricity Generation by Hydel,Renewable,5008.516, GWh
2023-09-01,2023,9,Sep,Electricity Generation by Solar,Renewable,78.793, GWh
2023-09-01,2023,9,Sep,Electricity Generation by Wind,Renewable,410.229, GWh
2023-09-01,2023,9,Sep,Electricity Generation by bagasse,Renewable,34.517, GWh
2023-10-01,2023,10,Oct,Electricity Generation by Coal,Fossil / Other,1670.17, GWh
2023-10-01,2023,10,Oct,Electricity Generation by Gas,Fossil / Other,703.78, GWh
2023-10-01,2023,10,Oct,Electricity Generation by High Speed Diesel (HSD),Fossil / Other,0.0, GWh
2023-10-01,2023,10,Oct,Electricity Generation by Mixed,Fossil / Other,0.0, GWh
2023-10-01,2023,10,Oct,Electricity Generation by Regasification Liquefied Natural Gas(RLNG),Fossil / Other,1938.71, GWh
2023-10-01,2023,10,Oct,Electricity Generation by Residual Fuel Oil (RFO),Fossil / Other,-1.227, GWh
2023-10-01,2023,10,Oct,Electricity Generation by Nuclear,Nuclear,1826.26, GWh
2023-10-01,2023,10,Oct,Electricity Generation by Hydel,Renewable,3114.14, GWh
2023-10-01,2023,10,Oct,Electricity Generation by Solar,Renewable,75.999, GWh
2023-10-01,2023,10,Oct,Electricity Generation by Wind,Renewable,191.141, GWh
2023-10-01,2023,10,Oct,Electricity Generation by bagasse,Renewable,28.764, GWh
2023-11-01,2023,11,Nov,Electricity Generation by Coal,Fossil / Other,1473.117, GWh
2023-11-01,2023,11,Nov,Electricity Generation by Gas,Fossil / Other,694.775, GWh
2023-11-01,2023,11,Nov,Electricity Generation by High Speed Diesel (HSD),Fossil / Other,0.0, GWh
2023-11-01,2023,11,Nov,Electricity Generation by Mixed,Fossil / Other,0.0, GWh
2023-11-01,2023,11,Nov,Electricity Generation by Regasification Liquefied Natural Gas(RLNG),Fossil / Other,797.993, GWh
2023-11-01,2023,11,Nov,Electricity Generation by Residual Fuel Oil (RFO),Fossil / Other,0.276, GWh
2023-11-01,2023,11,Nov,Electricity Generation by Nuclear,Nuclear,1571.661, GWh
2023-11-01,2023,11,Nov,Electricity Generation by Hydel,Renewable,2754.862, GWh
2023-11-01,2023,11,Nov,Electricity Generation by Solar,Renewable,49.782, GWh
2023-11-01,2023,11,Nov,Electricity Generation by Wind,Renewable,147.839, GWh
2023-11-01,2023,11,Nov,Electricity Generation by bagasse,Renewable,26.677, GWh
2023-12-01,2023,12,Dec,Electricity Generation by Coal,Fossil / Other,1520.927, GWh
2023-12-01,2023,12,Dec,Electricity Generation by Gas,Fossil / Other,1273.796, GWh
2023-12-01,2023,12,Dec,Electricity Generation by High Speed Diesel (HSD),Fossil / Other,0.0, GWh
2023-12-01,2023,12,Dec,Electricity Generation by Mixed,Fossil / Other,2.179, GWh
2023-12-01,2023,12,Dec,Electricity Generation by Regasification Liquefied Natural Gas(RLNG),Fossil / Other,1153.73, GWh
2023-12-01,2023,12,Dec,Electricity Generation by Residual Fuel Oil (RFO),Fossil / Other,38.913, GWh
2023-12-01,2023,12,Dec,Electricity Generation by Nuclear,Nuclear,2284.862, GWh
2023-12-01,2023,12,Dec,Electricity Generation by Hydel,Renewable,1720.429, GWh
2023-12-01,2023,12,Dec,Electricity Generation by Solar,Renewable,69.46, GWh
2023-12-01,2023,12,Dec,Electricity Generation by Wind,Renewable,211.572, GWh
2023-12-01,2023,12,Dec,Electricity Generation by bagasse,Renewable,101.087, GWh
2024-01-01,2024,1,Jan,Electricity Generation by Coal,Fossil / Other,1948.933, GWh
2024-01-01,2024,1,Jan,Electricity Generation by Gas,Fossil / Other,1035.368, GWh
2024-01-01,2024,1,Jan,Electricity Generation by High Speed Diesel (HSD),Fossil / Other,101.674, GWh
2024-01-01,2024,1,Jan,Electricity Generation by Mixed,Fossil / Other,0.0, GWh
2024-01-01,2024,1,Jan,Electricity Generation by Regasification Liquefied Natural Gas(RLNG),Fossil / Other,1514.375, GWh
2024-01-01,2024,1,Jan,Electricity Generation by Residual Fuel Oil (RFO),Fossil / Other,750.423, GWh
2024-01-01,2024,1,Jan,Electricity Generation by Nuclear,Nuclear,1727.801, GWh
2024-01-01,2024,1,Jan,Electricity Generation by Hydel,Renewable,924.215, GWh
2024-01-01,2024,1,Jan,Electricity Generation by Solar,Renewable,47.936, GWh
2024-01-01,2024,1,Jan,Electricity Generation by Wind,Renewable,127.553, GWh
2024-01-01,2024,1,Jan,Electricity Generation by bagasse,Renewable,106.368, GWh
2024-02-01,2024,2,Feb,Electricity Generation by Coal,Fossil / Other,1128.704, GWh
2024-02-01,2024,2,Feb,Electricity Generation by Gas,Fossil / Other,787.007, GWh
2024-02-01,2024,2,Feb,Electricity Generation by High Speed Diesel (HSD),Fossil / Other,0.0, GWh
2024-02-01,2024,2,Feb,Electricity Generation by Mixed,Fossil / Other,0.0, GWh
2024-02-01,2024,2,Feb,Electricity Generation by Regasification Liquefied Natural Gas(RLNG),Fossil / Other,1449.609, GWh
2024-02-01,2024,2,Feb,Electricity Generation by Residual Fuel Oil (RFO),Fossil / Other,0.0, GWh
2024-02-01,2024,2,Feb,Electricity Generation by Nuclear,Nuclear,1660.245, GWh
2024-02-01,2024,2,Feb,Electricity Generation by Hydel,Renewable,1766.293, GWh
2024-02-01,2024,2,Feb,Electricity Generation by Solar,Renewable,90.173, GWh
2024-02-01,2024,2,Feb,Electricity Generation by Wind,Renewable,107.828, GWh
2024-02-01,2024,2,Feb,Electricity Generation by bagasse,Renewable,100.532, GWh
2024-03-01,2024,3,Mar,Electricity Generation by Coal,Fossil / Other,861.773, GWh
2024-03-01,2024,3,Mar,Electricity Generation by Gas,Fossil / Other,795.076, GWh
2024-03-01,2024,3,Mar,Electricity Generation by High Speed Diesel (HSD),Fossil / Other,0.0, GWh
2024-03-01,2024,3,Mar,Electricity Generation by Mixed,Fossil / Other,0.0, GWh
2024-03-01,2024,3,Mar,Electricity Generation by Regasification Liquefied Natural Gas(RLNG),Fossil / Other,1658.442, GWh
2024-03-01,2024,3,Mar,Electricity Generation by Residual Fuel Oil (RFO),Fossil / Other,0.0, GWh
2024-03-01,2024,3,Mar,Electricity Generation by Nuclear,Nuclear,2069.6, GWh
2024-03-01,2024,3,Mar,Electricity Generation by Hydel,Renewable,2216.808, GWh
2024-03-01,2024,3,Mar,Electricity Generation by Solar,Renewable,109.984, GWh
2024-03-01,2024,3,Mar,Electricity Generation by Wind,Renewable,204.7, GWh
2024-03-01,2024,3,Mar,Electricity Generation by bagasse,Renewable,78.5, GWh
2024-04-01,2024,4,Apr,Electricity Generation by Coal,Fossil / Other,901.733, GWh
2024-04-01,2024,4,Apr,Electricity Generation by Gas,Fossil / Other,974.751, GWh
2024-04-01,2024,4,Apr,Electricity Generation by High Speed Diesel (HSD),Fossil / Other,0.0, GWh
2024-04-01,2024,4,Apr,Electricity Generation by Mixed,Fossil / Other,0.0, GWh
2024-04-01,2024,4,Apr,Electricity Generation by Regasification Liquefied Natural Gas(RLNG),Fossil / Other,2157.171, GWh
2024-04-01,2024,4,Apr,Electricity Generation by Residual Fuel Oil (RFO),Fossil / Other,0.005, GWh
2024-04-01,2024,4,Apr,Electricity Generation by Nuclear,Nuclear,2042.656, GWh
2024-04-01,2024,4,Apr,Electricity Generation by Hydel,Renewable,2070.347, GWh
2024-04-01,2024,4,Apr,Electricity Generation by Solar,Renewable,112.747, GWh
2024-04-01,2024,4,Apr,Electricity Generation by Wind,Renewable,286.976, GWh
2024-04-01,2024,4,Apr,Electricity Generation by bagasse,Renewable,55.85, GWh
2024-05-01,2024,5,May,Electricity Generation by Coal,Fossil / Other,1754.268, GWh
2024-05-01,2024,5,May,Electricity Generation by Gas,Fossil / Other,1109.681, GWh
2024-05-01,2024,5,May,Electricity Generation by High Speed Diesel (HSD),Fossil / Other,0.0, GWh
2024-05-01,2024,5,May,Electricity Generation by Mixed,Fossil / Other,0.0, GWh
2024-05-01,2024,5,May,Electricity Generation by Regasification Liquefied Natural Gas(RLNG),Fossil / Other,2747.549, GWh
2024-05-01,2024,5,May,Electricity Generation by Residual Fuel Oil (RFO),Fossil / Other,61.942, GWh
2024-05-01,2024,5,May,Electricity Generation by Nuclear,Nuclear,2360.023, GWh
2024-05-01,2024,5,May,Electricity Generation by Hydel,Renewable,3906.273, GWh
2024-05-01,2024,5,May,Electricity Generation by Solar,Renewable,124.874, GWh
2024-05-01,2024,5,May,Electricity Generation by Wind,Renewable,445.438, GWh
2024-05-01,2024,5,May,Electricity Generation by bagasse,Renewable,56.942, GWh
2024-06-01,2024,6,Jun,Electricity Generation by Coal,Fossil / Other,2126.0618, GWh
2024-06-01,2024,6,Jun,Electricity Generation by Gas,Fossil / Other,1165.870809, GWh
2024-06-01,2024,6,Jun,Electricity Generation by High Speed Diesel (HSD),Fossil / Other,0.0, GWh
2024-06-01,2024,6,Jun,Electricity Generation by Mixed,Fossil / Other,0.0, GWh
2024-06-01,2024,6,Jun,Electricity Generation by Regasification Liquefied Natural Gas(RLNG),Fossil / Other,2436.7609, GWh
2024-06-01,2024,6,Jun,Electricity Generation by Residual Fuel Oil (RFO),Fossil / Other,262.962957, GWh
2024-06-01,2024,6,Jun,Electricity Generation by Nuclear,Nuclear,1998.393, GWh
2024-06-01,2024,6,Jun,Electricity Generation by Hydel,Renewable,4728.500466, GWh
2024-06-01,2024,6,Jun,Electricity Generation by Solar,Renewable,117.541684, GWh
2024-06-01,2024,6,Jun,Electricity Generation by Wind,Renewable,515.731984, GWh
2024-06-01,2024,6,Jun,Electricity Generation by bagasse,Renewable,59.738077, GWh
2024-07-01,2024,7,Jul,Electricity Generation by Coal,Fossil / Other,2642.83, GWh
2024-07-01,2024,7,Jul,Electricity Generation by Gas,Fossil / Other,1180.1, GWh
2024-07-01,2024,7,Jul,Electricity Generation by High Speed Diesel (HSD),Fossil / Other,0.0, GWh
2024-07-01,2024,7,Jul,Electricity Generation by Mixed,Fossil / Other,0.0, GWh
2024-07-01,2024,7,Jul,Electricity Generation by Regasification Liquefied Natural Gas(RLNG),Fossil / Other,2969.74, GWh
2024-07-01,2024,7,Jul,Electricity Generation by Residual Fuel Oil (RFO),Fossil / Other,102.1, GWh
2024-07-01,2024,7,Jul,Electricity Generation by Nuclear,Nuclear,1987.72, GWh
2024-07-01,2024,7,Jul,Electricity Generation by Hydel,Renewable,5341.22, GWh
2024-07-01,2024,7,Jul,Electricity Generation by Solar,Renewable,110.49, GWh
2024-07-01,2024,7,Jul,Electricity Generation by Wind,Renewable,445.01, GWh
2024-07-01,2024,7,Jul,Electricity Generation by bagasse,Renewable,53.37, GWh
2024-08-01,2024,8,Aug,Electricity Generation by Coal,Fossil / Other,1986.35, GWh
2024-08-01,2024,8,Aug,Electricity Generation by Gas,Fossil / Other,950.21, GWh
2024-08-01,2024,8,Aug,Electricity Generation by High Speed Diesel (HSD),Fossil / Other,0.0, GWh
2024-08-01,2024,8,Aug,Electricity Generation by Mixed,Fossil / Other,0.0, GWh
2024-08-01,2024,8,Aug,Electricity Generation by Regasification Liquefied Natural Gas(RLNG),Fossil / Other,2105.69, GWh
2024-08-01,2024,8,Aug,Electricity Generation by Residual Fuel Oil (RFO),Fossil / Other,5.66, GWh
2024-08-01,2024,8,Aug,Electricity Generation by Nuclear,Nuclear,2190.31, GWh
2024-08-01,2024,8,Aug,Electricity Generation by Hydel,Renewable,5361.56, GWh
2024-08-01,2024,8,Aug,Electricity Generation by Solar,Renewable,98.37, GWh
2024-08-01,2024,8,Aug,Electricity Generation by Wind,Renewable,398.25, GWh
2024-08-01,2024,8,Aug,Electricity Generation by bagasse,Renewable,46.71, GWh
2024-09-01,2024,9,Sep,Electricity Generation by Coal,Fossil / Other,2410.12, GWh
2024-09-01,2024,9,Sep,Electricity Generation by Gas,Fossil / Other,988.1, GWh
2024-09-01,2024,9,Sep,Electricity Generation by High Speed Diesel (HSD),Fossil / Other,0.0, GWh
2024-09-01,2024,9,Sep,Electricity Generation by Mixed,Fossil / Other,0.0, GWh
2024-09-01,2024,9,Sep,Electricity Generation by Regasification Liquefied Natural Gas(RLNG),Fossil / Other,2039.26, GWh
2024-09-01,2024,9,Sep,Electricity Generation by Residual Fuel Oil (RFO),Fossil / Other,39.19, GWh
2024-09-01,2024,9,Sep,Electricity Generation by Nuclear,Nuclear,1595.67, GWh
2024-09-01,2024,9,Sep,Electricity Generation by Hydel,Renewable,4837.98, GWh
2024-09-01,2024,9,Sep,Electricity Generation by Solar,Renewable,104.93, GWh
2024-09-01,2024,9,Sep,Electricity Generation by Wind,Renewable,395.45, GWh
2024-09-01,2024,9,Sep,Electricity Generation by bagasse,Renewable,35.6, GWh
2024-10-01,2024,10,Oct,Electricity Generation by Coal,Fossil / Other,2420.79, GWh
2024-10-01,2024,10,Oct,Electricity Generation by Gas,Fossil / Other,825.94, GWh
2024-10-01,2024,10,Oct,Electricity Generation by High Speed Diesel (HSD),Fossil / Other,0.0, GWh
2024-10-01,2024,10,Oct,Electricity Generation by Mixed,Fossil / Other,0.0, GWh
2024-10-01,2024,10,Oct,Electricity Generation by Regasification Liquefied Natural Gas(RLNG),Fossil / Other,2002.62, GWh
2024-10-01,2024,10,Oct,Electricity Generation by Residual Fuel Oil (RFO),Fossil / Other,2.0, GWh
2024-10-01,2024,10,Oct,Electricity Generation by Nuclear,Nuclear,1441.94, GWh
2024-10-01,2024,10,Oct,Electricity Generation by Hydel,Renewable,3187.39, GWh
2024-10-01,2024,10,Oct,Electricity Generation by Solar,Renewable,99.07, GWh
2024-10-01,2024,10,Oct,Electricity Generation by Wind,Renewable,189.98, GWh
2024-10-01,2024,10,Oct,Electricity Generation by bagasse,Renewable,50.26, GWh
2024-11-01,2024,11,Nov,Electricity Generation by Coal,Fossil / Other,1495.647, GWh
2024-11-01,2024,11,Nov,Electricity Generation by Gas,Fossil / Other,858.024, GWh
2024-11-01,2024,11,Nov,Electricity Generation by High Speed Diesel (HSD),Fossil / Other,0.0, GWh
2024-11-01,2024,11,Nov,Electricity Generation by Mixed,Fossil / Other,0.0, GWh
2024-11-01,2024,11,Nov,Electricity Generation by Regasification Liquefied Natural Gas(RLNG),Fossil / Other,906.61, GWh
2024-11-01,2024,11,Nov,Electricity Generation by Residual Fuel Oil (RFO),Fossil / Other,0.0, GWh
2024-11-01,2024,11,Nov,Electricity Generation by Nuclear,Nuclear,1655.204, GWh
2024-11-01,2024,11,Nov,Electricity Generation by Hydel,Renewable,2859.994, GWh
2024-11-01,2024,11,Nov,Electricity Generation by Solar,Renewable,69.084, GWh
2024-11-01,2024,11,Nov,Electricity Generation by Wind,Renewable,98.003, GWh
2024-11-01,2024,11,Nov,Electricity Generation by bagasse,Renewable,52.226, GWh
2024-12-01,2024,12,Dec,Electricity Generation by Coal,Fossil / Other,907.91, GWh
2024-12-01,2024,12,Dec,Electricity Generation by Gas,Fossil / Other,959.82, GWh
2024-12-01,2024,12,Dec,Electricity Generation by High Speed Diesel (HSD),Fossil / Other,0.0, GWh
2024-12-01,2024,12,Dec,Electricity Generation by Mixed,Fossil / Other,0.0, GWh
2024-12-01,2024,12,Dec,Electricity Generation by Regasification Liquefied Natural Gas(RLNG),Fossil / Other,1614.68, GWh
2024-12-01,2024,12,Dec,Electricity Generation by Residual Fuel Oil (RFO),Fossil / Other,2.64, GWh
2024-12-01,2024,12,Dec,Electricity Generation by Nuclear,Nuclear,2065.1, GWh
2024-12-01,2024,12,Dec,Electricity Generation by Hydel,Renewable,1778.28, GWh
2024-12-01,2024,12,Dec,Electricity Generation by Solar,Renewable,75.82, GWh
2024-12-01,2024,12,Dec,Electricity Generation by Wind,Renewable,261.62, GWh
2024-12-01,2024,12,Dec,Electricity Generation by bagasse,Renewable,101.07, GWh
2025-01-01,2025,1,Jan,Electricity Generation by Coal,Fossil / Other,1964.12, GWh
2025-01-01,2025,1,Jan,Electricity Generation by Gas,Fossil / Other,1069.05, GWh
2025-01-01,2025,1,Jan,Electricity Generation by High Speed Diesel (HSD),Fossil / Other,0.0, GWh
2025-01-01,2025,1,Jan,Electricity Generation by Mixed,Fossil / Other,0.0, GWh
2025-01-01,2025,1,Jan,Electricity Generation by Regasification Liquefied Natural Gas(RLNG),Fossil / Other,1542.29, GWh
2025-01-01,2025,1,Jan,Electricity Generation by Residual Fuel Oil (RFO),Fossil / Other,109.12, GWh
2025-01-01,2025,1,Jan,Electricity Generation by Nuclear,Nuclear,2169.37, GWh
2025-01-01,2025,1,Jan,Electricity Generation by Hydel,Renewable,866.39, GWh
2025-01-01,2025,1,Jan,Electricity Generation by Solar,Renewable,86.02, GWh
2025-01-01,2025,1,Jan,Electricity Generation by Wind,Renewable,218.04, GWh
2025-01-01,2025,1,Jan,Electricity Generation by bagasse,Renewable,95.3, GWh
2025-02-01,2025,2,Feb,Electricity Generation by Coal,Fossil / Other,1151.56, GWh
2025-02-01,2025,2,Feb,Electricity Generation by Gas,Fossil / Other,716.49, GWh
2025-02-01,2025,2,Feb,Electricity Generation by High Speed Diesel (HSD),Fossil / Other,0.0, GWh
2025-02-01,2025,2,Feb,Electricity Generation by Mixed,Fossil / Other,0.0, GWh
2025-02-01,2025,2,Feb,Electricity Generation by Regasification Liquefied Natural Gas(RLNG),Fossil / Other,980.25, GWh
2025-02-01,2025,2,Feb,Electricity Generation by Residual Fuel Oil (RFO),Fossil / Other,0.0, GWh
2025-02-01,2025,2,Feb,Electricity Generation by Nuclear,Nuclear,1846.94, GWh
2025-02-01,2025,2,Feb,Electricity Generation by Hydel,Renewable,1871.87, GWh
2025-02-01,2025,2,Feb,Electricity Generation by Solar,Renewable,84.71, GWh
2025-02-01,2025,2,Feb,Electricity Generation by Wind,Renewable,173.54, GWh
2025-02-01,2025,2,Feb,Electricity Generation by bagasse,Renewable,78.88, GWh
2025-03-01,2025,3,Mar,Electricity Generation by Coal,Fossil / Other,1937.94, GWh
2025-03-01,2025,3,Mar,Electricity Generation by Gas,Fossil / Other,978.55, GWh
2025-03-01,2025,3,Mar,Electricity Generation by High Speed Diesel (HSD),Fossil / Other,0.0, GWh
2025-03-01,2025,3,Mar,Electricity Generation by Mixed,Fossil / Other,0.0, GWh
2025-03-01,2025,3,Mar,Electricity Generation by Regasification Liquefied Natural Gas(RLNG),Fossil / Other,1528.1, GWh
2025-03-01,2025,3,Mar,Electricity Generation by Residual Fuel Oil (RFO),Fossil / Other,3.62, GWh
2025-03-01,2025,3,Mar,Electricity Generation by Nuclear,Nuclear,2222.79, GWh
2025-03-01,2025,3,Mar,Electricity Generation by Hydel,Renewable,1296.77, GWh
2025-03-01,2025,3,Mar,Electricity Generation by Solar,Renewable,119.94, GWh
2025-03-01,2025,3,Mar,Electricity Generation by Wind,Renewable,230.5, GWh
2025-03-01,2025,3,Mar,Electricity Generation by bagasse,Renewable,51.38, GWh
2025-04-01,2025,4,Apr,Electricity Generation by Coal,Fossil / Other,2578.91, GWh
2025-04-01,2025,4,Apr,Electricity Generation by Gas,Fossil / Other,841.84, GWh
2025-04-01,2025,4,Apr,Electricity Generation by High Speed Diesel (HSD),Fossil / Other,0.0, GWh
2025-04-01,2025,4,Apr,Electricity Generation by Mixed,Fossil / Other,0.0, GWh
2025-04-01,2025,4,Apr,Electricity Generation by Regasification Liquefied Natural Gas(RLNG),Fossil / Other,2157.02, GWh
2025-04-01,2025,4,Apr,Electricity Generation by Residual Fuel Oil (RFO),Fossil / Other,83.46, GWh
2025-04-01,2025,4,Apr,Electricity Generation by Nuclear,Nuclear,1882.43, GWh
2025-04-01,2025,4,Apr,Electricity Generation by Hydel,Renewable,2306.43, GWh
2025-04-01,2025,4,Apr,Electricity Generation by Solar,Renewable,115.38, GWh
2025-04-01,2025,4,Apr,Electricity Generation by Wind,Renewable,478.38, GWh
2025-04-01,2025,4,Apr,Electricity Generation by bagasse,Renewable,36.91, GWh
2025-05-01,2025,5,May,Electricity Generation by Coal,Fossil / Other,2209.67, GWh
2025-05-01,2025,5,May,Electricity Generation by Gas,Fossil / Other,883.18, GWh
2025-05-01,2025,5,May,Electricity Generation by High Speed Diesel (HSD),Fossil / Other,0.0, GWh
2025-05-01,2025,5,May,Electricity Generation by Mixed,Fossil / Other,0.0, GWh
2025-05-01,2025,5,May,Electricity Generation by Regasification Liquefied Natural Gas(RLNG),Fossil / Other,2167.5, GWh
2025-05-01,2025,5,May,Electricity Generation by Residual Fuel Oil (RFO),Fossil / Other,20.08, GWh
2025-05-01,2025,5,May,Electricity Generation by Nuclear,Nuclear,2011.78, GWh
2025-05-01,2025,5,May,Electricity Generation by Hydel,Renewable,4843.86, GWh
2025-05-01,2025,5,May,Electricity Generation by Solar,Renewable,116.02, GWh
2025-05-01,2025,5,May,Electricity Generation by Wind,Renewable,432.58, GWh
2025-05-01,2025,5,May,Electricity Generation by bagasse,Renewable,33.75, GWh
2025-06-01,2025,6,Jun,Electricity Generation by Coal,Fossil / Other,2906.82, GWh
2025-06-01,2025,6,Jun,Electricity Generation by Gas,Fossil / Other,968.05, GWh
2025-06-01,2025,6,Jun,Electricity Generation by High Speed Diesel (HSD),Fossil / Other,0.0, GWh
2025-06-01,2025,6,Jun,Electricity Generation by Mixed,Fossil / Other,0.0, GWh
2025-06-01,2025,6,Jun,Electricity Generation by Regasification Liquefied Natural Gas(RLNG),Fossil / Other,2215.71, GWh
2025-06-01,2025,6,Jun,Electricity Generation by Residual Fuel Oil (RFO),Fossil / Other,151.08, GWh
2025-06-01,2025,6,Jun,Electricity Generation by Nuclear,Nuclear,1382.84, GWh
2025-06-01,2025,6,Jun,Electricity Generation by Hydel,Renewable,5409.73, GWh
2025-06-01,2025,6,Jun,Electricity Generation by Solar,Renewable,106.24, GWh
2025-06-01,2025,6,Jun,Electricity Generation by Wind,Renewable,522.02, GWh
2025-06-01,2025,6,Jun,Electricity Generation by bagasse,Renewable,34.96, GWh
2025-07-01,2025,7,Jul,Electricity Generation by Coal,Fossil / Other,2642.11, GWh
2025-07-01,2025,7,Jul,Electricity Generation by Gas,Fossil / Other,1092.65, GWh
2025-07-01,2025,7,Jul,Electricity Generation by High Speed Diesel (HSD),Fossil / Other,0.0, GWh
2025-07-01,2025,7,Jul,Electricity Generation by Mixed,Fossil / Other,0.0, GWh
2025-07-01,2025,7,Jul,Electricity Generation by Regasification Liquefied Natural Gas(RLNG),Fossil / Other,2438.21, GWh
2025-07-01,2025,7,Jul,Electricity Generation by Residual Fuel Oil (RFO),Fossil / Other,108.41, GWh
2025-07-01,2025,7,Jul,Electricity Generation by Nuclear,Nuclear,1405.45, GWh
2025-07-01,2025,7,Jul,Electricity Generation by Hydel,Renewable,5668.14, GWh
2025-07-01,2025,7,Jul,Electricity Generation by Solar,Renewable,104.98, GWh
2025-07-01,2025,7,Jul,Electricity Generation by Wind,Renewable,591.92, GWh
2025-07-01,2025,7,Jul,Electricity Generation by bagasse,Renewable,35.25, GWh
2025-08-01,2025,8,Aug,Electricity Generation by Coal,Fossil / Other,2580.0177, GWh
2025-08-01,2025,8,Aug,Electricity Generation by Gas,Fossil / Other,1035.056619, GWh
2025-08-01,2025,8,Aug,Electricity Generation by High Speed Diesel (HSD),Fossil / Other,0.0, GWh
2025-08-01,2025,8,Aug,Electricity Generation by Mixed,Fossil / Other,0.0, GWh
2025-08-01,2025,8,Aug,Electricity Generation by Regasification Liquefied Natural Gas(RLNG),Fossil / Other,2179.667597, GWh
2025-08-01,2025,8,Aug,Electricity Generation by Residual Fuel Oil (RFO),Fossil / Other,91.892174, GWh
2025-08-01,2025,8,Aug,Electricity Generation by Nuclear,Nuclear,2145.255, GWh
2025-08-01,2025,8,Aug,Electricity Generation by Hydel,Renewable,5517.345457, GWh
2025-08-01,2025,8,Aug,Electricity Generation by Solar,Renewable,103.995637, GWh
2025-08-01,2025,8,Aug,Electricity Generation by Wind,Renewable,512.182799, GWh
2025-08-01,2025,8,Aug,Electricity Generation by bagasse,Renewable,35.561383, GWh
2025-09-01,2025,9,Sep,Electricity Generation by Coal,Fossil / Other,2221.15945, GWh
2025-09-01,2025,9,Sep,Electricity Generation by Gas,Fossil / Other,940.84304, GWh
2025-09-01,2025,9,Sep,Electricity Generation by High Speed Diesel (HSD),Fossil / Other,0.0, GWh
2025-09-01,2025,9,Sep,Electricity Generation by Mixed,Fossil / Other,0.0, GWh
2025-09-01,2025,9,Sep,Electricity Generation by Regasification Liquefied Natural Gas(RLNG),Fossil / Other,1814.67067, GWh
2025-09-01,2025,9,Sep,Electricity Generation by Residual Fuel Oil (RFO),Fossil / Other,97.401752, GWh
2025-09-01,2025,9,Sep,Electricity Generation by Nuclear,Nuclear,2227.359, GWh
2025-09-01,2025,9,Sep,Electricity Generation by Hydel,Renewable,4783.282056, GWh
2025-09-01,2025,9,Sep,Electricity Generation by Solar,Renewable,107.809106, GWh
2025-09-01,2025,9,Sep,Electricity Generation by Wind,Renewable,341.649864, GWh
2025-09-01,2025,9,Sep,Electricity Generation by bagasse,Renewable,34.060297, GWh
2025-10-01,2025,10,Oct,Electricity Generation by Coal,Fossil / Other,1726.64, GWh
2025-10-01,2025,10,Oct,Electricity Generation by Gas,Fossil / Other,905.41, GWh
2025-10-01,2025,10,Oct,Electricity Generation by High Speed Diesel (HSD),Fossil / Other,0.0, GWh
2025-10-01,2025,10,Oct,Electricity Generation by Mixed,Fossil / Other,0.0, GWh
2025-10-01,2025,10,Oct,Electricity Generation by Regasification Liquefied Natural Gas(RLNG),Fossil / Other,1949.02, GWh
2025-10-01,2025,10,Oct,Electricity Generation by Residual Fuel Oil (RFO),Fossil / Other,47.54, GWh
2025-10-01,2025,10,Oct,Electricity Generation by Nuclear,Nuclear,2187.85, GWh
2025-10-01,2025,10,Oct,Electricity Generation by Hydel,Renewable,2704.72, GWh
2025-10-01,2025,10,Oct,Electricity Generation by Solar,Renewable,96.28, GWh
2025-10-01,2025,10,Oct,Electricity Generation by Wind,Renewable,185.2, GWh
2025-10-01,2025,10,Oct,Electricity Generation by bagasse,Renewable,39.87, GWh
2025-11-01,2025,11,Nov,Electricity Generation by Coal,Fossil / Other,1159.2196, GWh
2025-11-01,2025,11,Nov,Electricity Generation by Gas,Fossil / Other,679.801926, GWh
2025-11-01,2025,11,Nov,Electricity Generation by High Speed Diesel (HSD),Fossil / Other,0.0, GWh
2025-11-01,2025,11,Nov,Electricity Generation by Mixed,Fossil / Other,0.0, GWh
2025-11-01,2025,11,Nov,Electricity Generation by Regasification Liquefied Natural Gas(RLNG),Fossil / Other,695.896472, GWh
2025-11-01,2025,11,Nov,Electricity Generation by Residual Fuel Oil (RFO),Fossil / Other,0.0, GWh
2025-11-01,2025,11,Nov,Electricity Generation by Nuclear,Nuclear,2030.922, GWh
2025-11-01,2025,11,Nov,Electricity Generation by Hydel,Renewable,3152.632784, GWh
2025-11-01,2025,11,Nov,Electricity Generation by Solar,Renewable,86.079402, GWh
2025-11-01,2025,11,Nov,Electricity Generation by Wind,Renewable,135.628796, GWh
2025-11-01,2025,11,Nov,Electricity Generation by bagasse,Renewable,75.379809, GWh
2025-12-01,2025,12,Dec,Electricity Generation by Coal,Fossil / Other,2047.08823, GWh
2025-12-01,2025,12,Dec,Electricity Generation by Gas,Fossil / Other,950.782818, GWh
2025-12-01,2025,12,Dec,Electricity Generation by High Speed Diesel (HSD),Fossil / Other,0.0, GWh
2025-12-01,2025,12,Dec,Electricity Generation by Mixed,Fossil / Other,0.0, GWh
2025-12-01,2025,12,Dec,Electricity Generation by Regasification Liquefied Natural Gas(RLNG),Fossil / Other,1463.51437, GWh
2025-12-01,2025,12,Dec,Electricity Generation by Residual Fuel Oil (RFO),Fossil / Other,0.0, GWh
2025-12-01,2025,12,Dec,Electricity Generation by Nuclear,Nuclear,2125.797, GWh
2025-12-01,2025,12,Dec,Electricity Generation by Hydel,Renewable,1534.031282, GWh
2025-12-01,2025,12,Dec,Electricity Generation by Solar,Renewable,73.604745, GWh
2025-12-01,2025,12,Dec,Electricity Generation by Wind,Renewable,162.248489, GWh
2025-12-01,2025,12,Dec,Electricity Generation by bagasse,Renewable,97.028764, GWh
2026-01-01,2026,1,Jan,Electricity Generation by Coal,Fossil / Other,2983.249, GWh
2026-01-01,2026,1,Jan,Electricity Generation by Gas,Fossil / Other,1117.458, GWh
2026-01-01,2026,1,Jan,Electricity Generation by High Speed Diesel (HSD),Fossil / Other,0.0, GWh
2026-01-01,2026,1,Jan,Electricity Generation by Mixed,Fossil / Other,0.0, GWh
2026-01-01,2026,1,Jan,Electricity Generation by Regasification Liquefied Natural Gas(RLNG),Fossil / Other,2001.943, GWh
2026-01-01,2026,1,Jan,Electricity Generation by Residual Fuel Oil (RFO),Fossil / Other,274.201, GWh
2026-01-01,2026,1,Jan,Electricity Generation by Nuclear,Nuclear,1598.833, GWh
2026-01-01,2026,1,Jan,Electricity Generation by Hydel,Renewable,713.271, GWh
2026-01-01,2026,1,Jan,Electricity Generation by Solar,Renewable,73.633, GWh
2026-01-01,2026,1,Jan,Electricity Generation by Wind,Renewable,241.319, GWh
2026-01-01,2026,1,Jan,Electricity Generation by bagasse,Renewable,101.54, GWh
2026-02-01,2026,2,Feb,Electricity Generation by Coal,Fossil / Other,2381.0, GWh
2026-02-01,2026,2,Feb,Electricity Generation by Gas,Fossil / Other,886.64, GWh
2026-02-01,2026,2,Feb,Electricity Generation by High Speed Diesel (HSD),Fossil / Other,0.0, GWh
2026-02-01,2026,2,Feb,Electricity Generation by Mixed,Fossil / Other,0.0, GWh
2026-02-01,2026,2,Feb,Electricity Generation by Regasification Liquefied Natural Gas(RLNG),Fossil / Other,728.64, GWh
2026-02-01,2026,2,Feb,Electricity Generation by Residual Fuel Oil (RFO),Fossil / Other,0.0, GWh
2026-02-01,2026,2,Feb,Electricity Generation by Nuclear,Nuclear,1448.96, GWh
2026-02-01,2026,2,Feb,Electricity Generation by Hydel,Renewable,1782.52, GWh
2026-02-01,2026,2,Feb,Electricity Generation by Solar,Renewable,91.71, GWh
2026-02-01,2026,2,Feb,Electricity Generation by Wind,Renewable,250.56, GWh
2026-02-01,2026,2,Feb,Electricity Generation by bagasse,Renewable,90.95, GWh
2026-03-01,2026,3,Mar,Electricity Generation by Coal,Fossil / Other,2731.97973, GWh
2026-03-01,2026,3,Mar,Electricity Generation by Gas,Fossil / Other,1013.539961, GWh
2026-03-01,2026,3,Mar,Electricity Generation by High Speed Diesel (HSD),Fossil / Other,0.0, GWh
2026-03-01,2026,3,Mar,Electricity Generation by Mixed,Fossil / Other,0.0, GWh
2026-03-01,2026,3,Mar,Electricity Generation by Regasification Liquefied Natural Gas(RLNG),Fossil / Other,503.998938, GWh
2026-03-01,2026,3,Mar,Electricity Generation by Residual Fuel Oil (RFO),Fossil / Other,90.97215, GWh
2026-03-01,2026,3,Mar,Electricity Generation by Nuclear,Nuclear,1962.29, GWh
2026-03-01,2026,3,Mar,Electricity Generation by Hydel,Renewable,2105.17734, GWh
2026-03-01,2026,3,Mar,Electricity Generation by Solar,Renewable,105.627278, GWh
2026-03-01,2026,3,Mar,Electricity Generation by Wind,Renewable,308.972536, GWh
2026-03-01,2026,3,Mar,Electricity Generation by bagasse,Renewable,77.437011, GWh
2026-04-01,2026,4,Apr,Electricity Generation by Coal,Fossil / Other,2825.28, GWh
2026-04-01,2026,4,Apr,Electricity Generation by Gas,Fossil / Other,968.12, GWh
2026-04-01,2026,4,Apr,Electricity Generation by High Speed Diesel (HSD),Fossil / Other,46.85, GWh
2026-04-01,2026,4,Apr,Electricity Generation by Mixed,Fossil / Other,0.0, GWh
2026-04-01,2026,4,Apr,Electricity Generation by Regasification Liquefied Natural Gas(RLNG),Fossil / Other,380.21, GWh
2026-04-01,2026,4,Apr,Electricity Generation by Residual Fuel Oil (RFO),Fossil / Other,485.84, GWh
2026-04-01,2026,4,Apr,Electricity Generation by Nuclear,Nuclear,2096.83, GWh
2026-04-01,2026,4,Apr,Electricity Generation by Hydel,Renewable,2078.94, GWh
2026-04-01,2026,4,Apr,Electricity Generation by Solar,Renewable,111.43, GWh
2026-04-01,2026,4,Apr,Electricity Generation by Wind,Renewable,409.1, GWh
2026-04-01,2026,4,Apr,Electricity Generation by bagasse,Renewable,63.81, GWh
2026-05-01,2026,5,May,Electricity Generation by Coal,Fossil / Other,3185.5, GWh
2026-05-01,2026,5,May,Electricity Generation by Gas,Fossil / Other,1049.6, GWh
2026-05-01,2026,5,May,Electricity Generation by High Speed Diesel (HSD),Fossil / Other,0.0, GWh
2026-05-01,2026,5,May,Electricity Generation by Mixed,Fossil / Other,0.0, GWh
2026-05-01,2026,5,May,Electricity Generation by Regasification Liquefied Natural Gas(RLNG),Fossil / Other,1492.99, GWh
2026-05-01,2026,5,May,Electricity Generation by Residual Fuel Oil (RFO),Fossil / Other,20.11, GWh
2026-05-01,2026,5,May,Electricity Generation by Nuclear,Nuclear,1801.33, GWh
2026-05-01,2026,5,May,Electricity Generation by Hydel,Renewable,4204.99, GWh
2026-05-01,2026,5,May,Electricity Generation by Solar,Renewable,119.13, GWh
2026-05-01,2026,5,May,Electricity Generation by Wind,Renewable,665.16, GWh
2026-05-01,2026,5,May,Electricity Generation by bagasse,Renewable,63.13, GWh
2026-06-01,2026,6,Jun,Electricity Generation by Coal,Fossil / Other,3057.54, GWh
2026-06-01,2026,6,Jun,Electricity Generation by Gas,Fossil / Other,866.69, GWh
2026-06-01,2026,6,Jun,Electricity Generation by High Speed Diesel (HSD),Fossil / Other,5.47, GWh
2026-06-01,2026,6,Jun,Electricity Generation by Mixed,Fossil / Other,0.0, GWh
2026-06-01,2026,6,Jun,Electricity Generation by Regasification Liquefied Natural Gas(RLNG),Fossil / Other,1479.82, GWh
2026-06-01,2026,6,Jun,Electricity Generation by Residual Fuel Oil (RFO),Fossil / Other,99.95, GWh
2026-06-01,2026,6,Jun,Electricity Generation by Nuclear,Nuclear,1800.26, GWh
2026-06-01,2026,6,Jun,Electricity Generation by Hydel,Renewable,5241.8, GWh
2026-06-01,2026,6,Jun,Electricity Generation by Solar,Renewable,110.41, GWh
2026-06-01,2026,6,Jun,Electricity Generation by Wind,Renewable,675.95, GWh
2026-06-01,2026,6,Jun,Electricity Generation by bagasse,Renewable,46.35, GWh
